,Adj Close,Close,High,Low,Open,Volume
2008-01-02,,,,,,
2008-01-03,,,,,,
2008-01-04,,,,,,
2008-01-07,,,,,,
2008-01-08,,,,,,
2008-01-09,,,,,,
2008-01-10,,,,,,
2008-01-11,,,,,,
2008-01-14,,,,,,
2008-01-15,,,,,,
2008-01-16,,,,,,
2008-01-17,,,,,,
2008-01-18,,,,,,
2008-01-22,,,,,,
2008-01-23,,,,,,
2008-01-24,,,,,,
2008-01-25,,,,,,
2008-01-28,,,,,,
2008-01-29,,,,,,
2008-01-30,,,,,,
2008-01-31,,,,,,
2008-02-01,,,,,,
2008-02-04,,,,,,
2008-02-05,,,,,,
2008-02-06,,,,,,
2008-02-07,,,,,,
2008-02-08,,,,,,
2008-02-11,,,,,,
2008-02-12,,,,,,
2008-02-13,,,,,,
2008-02-14,,,,,,
2008-02-15,,,,,,
2008-02-19,,,,,,
2008-02-20,,,,,,
2008-02-21,,,,,,
2008-02-22,,,,,,
2008-02-25,,,,,,
2008-02-26,,,,,,
2008-02-27,,,,,,
2008-02-28,,,,,,
2008-02-29,,,,,,
2008-03-03,,,,,,
2008-03-04,,,,,,
2008-03-05,,,,,,
2008-03-06,,,,,,
2008-03-07,,,,,,
2008-03-10,,,,,,
2008-03-11,,,,,,
2008-03-12,,,,,,
2008-03-13,,,,,,
2008-03-14,,,,,,
2008-03-17,,,,,,
2008-03-18,,,,,,
2008-03-19,,,,,,
2008-03-20,,,,,,
2008-03-24,,,,,,
2008-03-25,,,,,,
2008-03-26,,,,,,
2008-03-27,,,,,,
2008-03-28,,,,,,
2008-03-31,,,,,,
2008-04-01,,,,,,
2008-04-02,,,,,,
2008-04-03,,,,,,
2008-04-04,,,,,,
2008-04-07,,,,,,
2008-04-08,,,,,,
2008-04-09,,,,,,
2008-04-10,,,,,,
2008-04-11,,,,,,
2008-04-14,,,,,,
2008-04-15,,,,,,
2008-04-16,,,,,,
2008-04-17,,,,,,
2008-04-18,,,,,,
2008-04-21,,,,,,
2008-04-22,,,,,,
2008-04-23,,,,,,
2008-04-24,,,,,,
2008-04-25,,,,,,
2008-04-28,,,,,,
2008-04-29,,,,,,
2008-04-30,,,,,,
2008-05-01,,,,,,
2008-05-02,,,,,,
2008-05-05,,,,,,
2008-05-06,,,,,,
2008-05-07,,,,,,
2008-05-08,,,,,,
2008-05-09,,,,,,
2008-05-12,,,,,,
2008-05-13,,,,,,
2008-05-14,,,,,,
2008-05-15,,,,,,
2008-05-16,,,,,,
2008-05-19,,,,,,
2008-05-20,,,,,,
2008-05-21,,,,,,
2008-05-22,,,,,,
2008-05-23,,,,,,
2008-05-27,,,,,,
2008-05-28,,,,,,
2008-05-29,,,,,,
2008-05-30,,,,,,
2008-06-02,,,,,,
2008-06-03,,,,,,
2008-06-04,,,,,,
2008-06-05,,,,,,
2008-06-06,,,,,,
2008-06-09,,,,,,
2008-06-10,,,,,,
2008-06-11,,,,,,
2008-06-12,,,,,,
2008-06-13,,,,,,
2008-06-16,,,,,,
2008-06-17,,,,,,
2008-06-18,,,,,,
2008-06-19,,,,,,
2008-06-20,,,,,,
2008-06-23,,,,,,
2008-06-24,,,,,,
2008-06-25,,,,,,
2008-06-26,,,,,,
2008-06-27,,,,,,
2008-06-30,,,,,,
2008-07-01,,,,,,
2008-07-02,,,,,,
2008-07-03,,,,,,
2008-07-07,,,,,,
2008-07-08,,,,,,
2008-07-09,,,,,,
2008-07-10,,,,,,
2008-07-11,,,,,,
2008-07-14,,,,,,
2008-07-15,,,,,,
2008-07-16,,,,,,
2008-07-17,,,,,,
2008-07-18,,,,,,
2008-07-21,,,,,,
2008-07-22,,,,,,
2008-07-23,,,,,,
2008-07-24,,,,,,
2008-07-25,,,,,,
2008-07-28,,,,,,
2008-07-29,,,,,,
2008-07-30,,,,,,
2008-07-31,,,,,,
2008-08-01,,,,,,
2008-08-04,,,,,,
2008-08-05,,,,,,
2008-08-06,,,,,,
2008-08-07,,,,,,
2008-08-08,,,,,,
2008-08-11,,,,,,
2008-08-12,,,,,,
2008-08-13,,,,,,
2008-08-14,,,,,,
2008-08-15,,,,,,
2008-08-18,,,,,,
2008-08-19,,,,,,
2008-08-20,,,,,,
2008-08-21,,,,,,
2008-08-22,,,,,,
2008-08-25,,,,,,
2008-08-26,,,,,,
2008-08-27,,,,,,
2008-08-28,,,,,,
2008-08-29,,,,,,
2008-09-02,,,,,,
2008-09-03,,,,,,
2008-09-04,,,,,,
2008-09-05,,,,,,
2008-09-08,,,,,,
2008-09-09,,,,,,
2008-09-10,,,,,,
2008-09-11,,,,,,
2008-09-12,,,,,,
2008-09-15,,,,,,
2008-09-16,,,,,,
2008-09-17,,,,,,
2008-09-18,,,,,,
2008-09-19,,,,,,
2008-09-22,,,,,,
2008-09-23,,,,,,
2008-09-24,,,,,,
2008-09-25,,,,,,
2008-09-26,,,,,,
2008-09-29,,,,,,
2008-09-30,,,,,,
2008-10-01,,,,,,
2008-10-02,,,,,,
2008-10-03,,,,,,
2008-10-06,,,,,,
2008-10-07,,,,,,
2008-10-08,,,,,,
2008-10-09,,,,,,
2008-10-10,,,,,,
2008-10-13,,,,,,
2008-10-14,,,,,,
2008-10-15,,,,,,
2008-10-16,,,,,,
2008-10-17,,,,,,
2008-10-20,,,,,,
2008-10-21,,,,,,
2008-10-22,,,,,,
2008-10-23,,,,,,
2008-10-24,,,,,,
2008-10-27,,,,,,
2008-10-28,,,,,,
2008-10-29,,,,,,
2008-10-30,,,,,,
2008-10-31,,,,,,
2008-11-03,,,,,,
2008-11-04,,,,,,
2008-11-05,,,,,,
2008-11-06,,,,,,
2008-11-07,,,,,,
2008-11-10,,,,,,
2008-11-11,,,,,,
2008-11-12,,,,,,
2008-11-13,,,,,,
2008-11-14,,,,,,
2008-11-17,,,,,,
2008-11-18,,,,,,
2008-11-19,,,,,,
2008-11-20,,,,,,
2008-11-21,,,,,,
2008-11-24,,,,,,
2008-11-25,,,,,,
2008-11-26,,,,,,
2008-11-28,,,,,,
2008-12-01,,,,,,
2008-12-02,,,,,,
2008-12-03,,,,,,
2008-12-04,,,,,,
2008-12-05,,,,,,
2008-12-08,,,,,,
2008-12-09,,,,,,
2008-12-10,,,,,,
2008-12-11,,,,,,
2008-12-12,,,,,,
2008-12-15,,,,,,
2008-12-16,,,,,,
2008-12-17,,,,,,
2008-12-18,,,,,,
2008-12-19,,,,,,
2008-12-22,,,,,,
2008-12-23,,,,,,
2008-12-24,,,,,,
2008-12-26,,,,,,
2008-12-29,,,,,,
2008-12-30,,,,,,
2008-12-31,,,,,,
2009-01-02,,,,,,
2009-01-05,,,,,,
2009-01-06,,,,,,
2009-01-07,,,,,,
2009-01-08,,,,,,
2009-01-09,,,,,,
2009-01-12,,,,,,
2009-01-13,,,,,,
2009-01-14,,,,,,
2009-01-15,,,,,,
2009-01-16,,,,,,
2009-01-20,,,,,,
2009-01-21,,,,,,
2009-01-22,,,,,,
2009-01-23,,,,,,
2009-01-26,,,,,,
2009-01-27,,,,,,
2009-01-28,,,,,,
2009-01-29,,,,,,
2009-01-30,,,,,,
2009-02-02,,,,,,
2009-02-03,,,,,,
2009-02-04,,,,,,
2009-02-05,,,,,,
2009-02-06,,,,,,
2009-02-09,,,,,,
2009-02-10,,,,,,
2009-02-11,,,,,,
2009-02-12,,,,,,
2009-02-13,,,,,,
2009-02-17,,,,,,
2009-02-18,,,,,,
2009-02-19,,,,,,
2009-02-20,,,,,,
2009-02-23,,,,,,
2009-02-24,,,,,,
2009-02-25,,,,,,
2009-02-26,,,,,,
2009-02-27,,,,,,
2009-03-02,,,,,,
2009-03-03,,,,,,
2009-03-04,,,,,,
2009-03-05,,,,,,
2009-03-06,,,,,,
2009-03-09,,,,,,
2009-03-10,,,,,,
2009-03-11,,,,,,
2009-03-12,,,,,,
2009-03-13,,,,,,
2009-03-16,,,,,,
2009-03-17,,,,,,
2009-03-18,,,,,,
2009-03-19,,,,,,
2009-03-20,,,,,,
2009-03-23,,,,,,
2009-03-24,,,,,,
2009-03-25,,,,,,
2009-03-26,,,,,,
2009-03-27,,,,,,
2009-03-30,,,,,,
2009-03-31,,,,,,
2009-04-01,,,,,,
2009-04-02,,,,,,
2009-04-03,,,,,,
2009-04-06,,,,,,
2009-04-07,,,,,,
2009-04-08,,,,,,
2009-04-09,,,,,,
2009-04-13,,,,,,
2009-04-14,,,,,,
2009-04-15,,,,,,
2009-04-16,,,,,,
2009-04-17,,,,,,
2009-04-20,,,,,,
2009-04-21,,,,,,
2009-04-22,,,,,,
2009-04-23,,,,,,
2009-04-24,,,,,,
2009-04-27,,,,,,
2009-04-28,,,,,,
2009-04-29,,,,,,
2009-04-30,,,,,,
2009-05-01,,,,,,
2009-05-04,,,,,,
2009-05-05,,,,,,
2009-05-06,,,,,,
2009-05-07,,,,,,
2009-05-08,,,,,,
2009-05-11,,,,,,
2009-05-12,,,,,,
2009-05-13,,,,,,
2009-05-14,,,,,,
2009-05-15,,,,,,
2009-05-18,,,,,,
2009-05-19,,,,,,
2009-05-20,,,,,,
2009-05-21,,,,,,
2009-05-22,,,,,,
2009-05-26,,,,,,
2009-05-27,,,,,,
2009-05-28,,,,,,
2009-05-29,,,,,,
2009-06-01,,,,,,
2009-06-02,,,,,,
2009-06-03,,,,,,
2009-06-04,,,,,,
2009-06-05,,,,,,
2009-06-08,,,,,,
2009-06-09,,,,,,
2009-06-10,,,,,,
2009-06-11,,,,,,
2009-06-12,,,,,,
2009-06-15,,,,,,
2009-06-16,,,,,,
2009-06-17,,,,,,
2009-06-18,,,,,,
2009-06-19,,,,,,
2009-06-22,,,,,,
2009-06-23,,,,,,
2009-06-24,,,,,,
2009-06-25,,,,,,
2009-06-26,,,,,,
2009-06-29,,,,,,
2009-06-30,,,,,,
2009-07-01,,,,,,
2009-07-02,,,,,,
2009-07-06,,,,,,
2009-07-07,,,,,,
2009-07-08,,,,,,
2009-07-09,,,,,,
2009-07-10,,,,,,
2009-07-13,,,,,,
2009-07-14,,,,,,
2009-07-15,,,,,,
2009-07-16,,,,,,
2009-07-17,,,,,,
2009-07-20,,,,,,
2009-07-21,,,,,,
2009-07-22,,,,,,
2009-07-23,,,,,,
2009-07-24,,,,,,
2009-07-27,,,,,,
2009-07-28,,,,,,
2009-07-29,,,,,,
2009-07-30,,,,,,
2009-07-31,,,,,,
2009-08-03,,,,,,
2009-08-04,,,,,,
2009-08-05,,,,,,
2009-08-06,,,,,,
2009-08-07,,,,,,
2009-08-10,,,,,,
2009-08-11,,,,,,
2009-08-12,,,,,,
2009-08-13,,,,,,
2009-08-14,,,,,,
2009-08-17,,,,,,
2009-08-18,,,,,,
2009-08-19,,,,,,
2009-08-20,,,,,,
2009-08-21,,,,,,
2009-08-24,,,,,,
2009-08-25,,,,,,
2009-08-26,,,,,,
2009-08-27,,,,,,
2009-08-28,,,,,,
2009-08-31,,,,,,
2009-09-01,,,,,,
2009-09-02,,,,,,
2009-09-03,,,,,,
2009-09-04,,,,,,
2009-09-08,,,,,,
2009-09-09,,,,,,
2009-09-10,,,,,,
2009-09-11,,,,,,
2009-09-14,,,,,,
2009-09-15,,,,,,
2009-09-16,,,,,,
2009-09-17,,,,,,
2009-09-18,,,,,,
2009-09-21,,,,,,
2009-09-22,,,,,,
2009-09-23,,,,,,
2009-09-24,,,,,,
2009-09-25,,,,,,
2009-09-28,,,,,,
2009-09-29,,,,,,
2009-09-30,,,,,,
2009-10-01,,,,,,
2009-10-02,,,,,,
2009-10-05,,,,,,
2009-10-06,,,,,,
2009-10-07,,,,,,
2009-10-08,,,,,,
2009-10-09,,,,,,
2009-10-12,,,,,,
2009-10-13,,,,,,
2009-10-14,,,,,,
2009-10-15,,,,,,
2009-10-16,,,,,,
2009-10-19,,,,,,
2009-10-20,,,,,,
2009-10-21,,,,,,
2009-10-22,,,,,,
2009-10-23,,,,,,
2009-10-26,,,,,,
2009-10-27,,,,,,
2009-10-28,,,,,,
2009-10-29,,,,,,
2009-10-30,,,,,,
2009-11-02,,,,,,
2009-11-03,,,,,,
2009-11-04,,,,,,
2009-11-05,,,,,,
2009-11-06,,,,,,
2009-11-09,,,,,,
2009-11-10,,,,,,
2009-11-11,,,,,,
2009-11-12,,,,,,
2009-11-13,,,,,,
2009-11-16,,,,,,
2009-11-17,,,,,,
2009-11-18,,,,,,
2009-11-19,,,,,,
2009-11-20,,,,,,
2009-11-23,,,,,,
2009-11-24,,,,,,
2009-11-25,,,,,,
2009-11-27,,,,,,
2009-11-30,,,,,,
2009-12-01,,,,,,
2009-12-02,,,,,,
2009-12-03,,,,,,
2009-12-04,,,,,,
2009-12-07,,,,,,
2009-12-08,,,,,,
2009-12-09,,,,,,
2009-12-10,,,,,,
2009-12-11,,,,,,
2009-12-14,,,,,,
2009-12-15,,,,,,
2009-12-16,,,,,,
2009-12-17,,,,,,
2009-12-18,,,,,,
2009-12-21,,,,,,
2009-12-22,,,,,,
2009-12-23,,,,,,
2009-12-24,,,,,,
2009-12-28,,,,,,
2009-12-29,,,,,,
2009-12-30,,,,,,
2009-12-31,,,,,,
2010-01-04,,,,,,
2010-01-05,,,,,,
2010-01-06,,,,,,
2010-01-07,,,,,,
2010-01-08,,,,,,
2010-01-11,,,,,,
2010-01-12,,,,,,
2010-01-13,,,,,,
2010-01-14,,,,,,
2010-01-15,,,,,,
2010-01-19,,,,,,
2010-01-20,,,,,,
2010-01-21,,,,,,
2010-01-22,,,,,,
2010-01-25,,,,,,
2010-01-26,,,,,,
2010-01-27,,,,,,
2010-01-28,,,,,,
2010-01-29,,,,,,
2010-02-01,,,,,,
2010-02-02,,,,,,
2010-02-03,,,,,,
2010-02-04,,,,,,
2010-02-05,,,,,,
2010-02-08,,,,,,
2010-02-09,,,,,,
2010-02-10,,,,,,
2010-02-11,,,,,,
2010-02-12,,,,,,
2010-02-16,,,,,,
2010-02-17,,,,,,
2010-02-18,,,,,,
2010-02-19,,,,,,
2010-02-22,,,,,,
2010-02-23,,,,,,
2010-02-24,,,,,,
2010-02-25,,,,,,
2010-02-26,,,,,,
2010-03-01,,,,,,
2010-03-02,,,,,,
2010-03-03,,,,,,
2010-03-04,,,,,,
2010-03-05,,,,,,
2010-03-08,,,,,,
2010-03-09,,,,,,
2010-03-10,,,,,,
2010-03-11,,,,,,
2010-03-12,,,,,,
2010-03-15,,,,,,
2010-03-16,,,,,,
2010-03-17,,,,,,
2010-03-18,,,,,,
2010-03-19,,,,,,
2010-03-22,,,,,,
2010-03-23,,,,,,
2010-03-24,,,,,,
2010-03-25,,,,,,
2010-03-26,,,,,,
2010-03-29,,,,,,
2010-03-30,,,,,,
2010-03-31,,,,,,
2010-04-01,,,,,,
2010-04-05,,,,,,
2010-04-06,,,,,,
2010-04-07,,,,,,
2010-04-08,,,,,,
2010-04-09,,,,,,
2010-04-12,,,,,,
2010-04-13,,,,,,
2010-04-14,,,,,,
2010-04-15,,,,,,
2010-04-16,,,,,,
2010-04-19,,,,,,
2010-04-20,,,,,,
2010-04-21,,,,,,
2010-04-22,,,,,,
2010-04-23,,,,,,
2010-04-26,,,,,,
2010-04-27,,,,,,
2010-04-28,,,,,,
2010-04-29,,,,,,
2010-04-30,,,,,,
2010-05-03,,,,,,
2010-05-04,,,,,,
2010-05-05,,,,,,
2010-05-06,,,,,,
2010-05-07,,,,,,
2010-05-10,,,,,,
2010-05-11,,,,,,
2010-05-12,,,,,,
2010-05-13,,,,,,
2010-05-14,,,,,,
2010-05-17,,,,,,
2010-05-18,,,,,,
2010-05-19,,,,,,
2010-05-20,,,,,,
2010-05-21,,,,,,
2010-05-24,,,,,,
2010-05-25,,,,,,
2010-05-26,,,,,,
2010-05-27,,,,,,
2010-05-28,,,,,,
2010-06-01,,,,,,
2010-06-02,,,,,,
2010-06-03,,,,,,
2010-06-04,,,,,,
2010-06-07,,,,,,
2010-06-08,,,,,,
2010-06-09,,,,,,
2010-06-10,,,,,,
2010-06-11,,,,,,
2010-06-14,,,,,,
2010-06-15,,,,,,
2010-06-16,,,,,,
2010-06-17,,,,,,
2010-06-18,,,,,,
2010-06-21,,,,,,
2010-06-22,,,,,,
2010-06-23,,,,,,
2010-06-24,,,,,,
2010-06-25,,,,,,
2010-06-28,,,,,,
2010-06-29,,,,,,
2010-06-30,,,,,,
2010-07-01,,,,,,
2010-07-02,,,,,,
2010-07-06,,,,,,
2010-07-07,,,,,,
2010-07-08,,,,,,
2010-07-09,,,,,,
2010-07-12,,,,,,
2010-07-13,,,,,,
2010-07-14,,,,,,
2010-07-15,,,,,,
2010-07-16,,,,,,
2010-07-19,,,,,,
2010-07-20,,,,,,
2010-07-21,,,,,,
2010-07-22,,,,,,
2010-07-23,,,,,,
2010-07-26,,,,,,
2010-07-27,,,,,,
2010-07-28,,,,,,
2010-07-29,,,,,,
2010-07-30,,,,,,
2010-08-02,,,,,,
2010-08-03,,,,,,
2010-08-04,,,,,,
2010-08-05,,,,,,
2010-08-06,,,,,,
2010-08-09,,,,,,
2010-08-10,,,,,,
2010-08-11,,,,,,
2010-08-12,,,,,,
2010-08-13,,,,,,
2010-08-16,,,,,,
2010-08-17,,,,,,
2010-08-18,,,,,,
2010-08-19,,,,,,
2010-08-20,,,,,,
2010-08-23,,,,,,
2010-08-24,,,,,,
2010-08-25,,,,,,
2010-08-26,,,,,,
2010-08-27,,,,,,
2010-08-30,,,,,,
2010-08-31,,,,,,
2010-09-01,,,,,,
2010-09-02,,,,,,
2010-09-03,,,,,,
2010-09-07,,,,,,
2010-09-08,,,,,,
2010-09-09,,,,,,
2010-09-10,,,,,,
2010-09-13,,,,,,
2010-09-14,,,,,,
2010-09-15,,,,,,
2010-09-16,,,,,,
2010-09-17,,,,,,
2010-09-20,,,,,,
2010-09-21,,,,,,
2010-09-22,,,,,,
2010-09-23,,,,,,
2010-09-24,,,,,,
2010-09-27,,,,,,
2010-09-28,,,,,,
2010-09-29,,,,,,
2010-09-30,,,,,,
2010-10-01,,,,,,
2010-10-04,,,,,,
2010-10-05,,,,,,
2010-10-06,,,,,,
2010-10-07,,,,,,
2010-10-08,,,,,,
2010-10-11,,,,,,
2010-10-12,,,,,,
2010-10-13,,,,,,
2010-10-14,,,,,,
2010-10-15,,,,,,
2010-10-18,,,,,,
2010-10-19,,,,,,
2010-10-20,,,,,,
2010-10-21,,,,,,
2010-10-22,,,,,,
2010-10-25,,,,,,
2010-10-26,,,,,,
2010-10-27,,,,,,
2010-10-28,,,,,,
2010-10-29,,,,,,
2010-11-01,,,,,,
2010-11-02,,,,,,
2010-11-03,,,,,,
2010-11-04,,,,,,
2010-11-05,,,,,,
2010-11-08,,,,,,
2010-11-09,,,,,,
2010-11-10,,,,,,
2010-11-11,,,,,,
2010-11-12,,,,,,
2010-11-15,,,,,,
2010-11-16,,,,,,
2010-11-17,,,,,,
2010-11-18,,,,,,
2010-11-19,,,,,,
2010-11-22,,,,,,
2010-11-23,,,,,,
2010-11-24,,,,,,
2010-11-26,,,,,,
2010-11-29,,,,,,
2010-11-30,,,,,,
2010-12-01,,,,,,
2010-12-02,,,,,,
2010-12-03,,,,,,
2010-12-06,,,,,,
2010-12-07,,,,,,
2010-12-08,,,,,,
2010-12-09,,,,,,
2010-12-10,,,,,,
2010-12-13,,,,,,
2010-12-14,,,,,,
2010-12-15,,,,,,
2010-12-16,,,,,,
2010-12-17,,,,,,
2010-12-20,,,,,,
2010-12-21,,,,,,
2010-12-22,,,,,,
2010-12-23,,,,,,
2010-12-27,,,,,,
2010-12-28,,,,,,
2010-12-29,,,,,,
2010-12-30,,,,,,
2010-12-31,,,,,,
2011-01-03,,,,,,
2011-01-04,,,,,,
2011-01-05,,,,,,
2011-01-06,,,,,,
2011-01-07,,,,,,
2011-01-10,,,,,,
2011-01-11,,,,,,
2011-01-12,,,,,,
2011-01-13,,,,,,
2011-01-14,,,,,,
2011-01-18,,,,,,
2011-01-19,,,,,,
2011-01-20,,,,,,
2011-01-21,,,,,,
2011-01-24,,,,,,
2011-01-25,,,,,,
2011-01-26,,,,,,
2011-01-27,,,,,,
2011-01-28,,,,,,
2011-01-31,,,,,,
2011-02-01,,,,,,
2011-02-02,,,,,,
2011-02-03,,,,,,
2011-02-04,,,,,,
2011-02-07,,,,,,
2011-02-08,,,,,,
2011-02-09,,,,,,
2011-02-10,,,,,,
2011-02-11,,,,,,
2011-02-14,,,,,,
2011-02-15,,,,,,
2011-02-16,,,,,,
2011-02-17,,,,,,
2011-02-18,,,,,,
2011-02-22,,,,,,
2011-02-23,,,,,,
2011-02-24,,,,,,
2011-02-25,,,,,,
2011-02-28,,,,,,
2011-03-01,,,,,,
2011-03-02,,,,,,
2011-03-03,,,,,,
2011-03-04,,,,,,
2011-03-07,,,,,,
2011-03-08,,,,,,
2011-03-09,,,,,,
2011-03-10,,,,,,
2011-03-11,,,,,,
2011-03-14,,,,,,
2011-03-15,,,,,,
2011-03-16,,,,,,
2011-03-17,,,,,,
2011-03-18,,,,,,
2011-03-21,,,,,,
2011-03-22,,,,,,
2011-03-23,,,,,,
2011-03-24,,,,,,
2011-03-25,,,,,,
2011-03-28,,,,,,
2011-03-29,,,,,,
2011-03-30,,,,,,
2011-03-31,,,,,,
2011-04-01,,,,,,
2011-04-04,,,,,,
2011-04-05,,,,,,
2011-04-06,,,,,,
2011-04-07,,,,,,
2011-04-08,,,,,,
2011-04-11,,,,,,
2011-04-12,,,,,,
2011-04-13,,,,,,
2011-04-14,,,,,,
2011-04-15,,,,,,
2011-04-18,,,,,,
2011-04-19,,,,,,
2011-04-20,,,,,,
2011-04-21,,,,,,
2011-04-25,,,,,,
2011-04-26,,,,,,
2011-04-27,,,,,,
2011-04-28,,,,,,
2011-04-29,,,,,,
2011-05-02,,,,,,
2011-05-03,,,,,,
2011-05-04,,,,,,
2011-05-05,,,,,,
2011-05-06,,,,,,
2011-05-09,,,,,,
2011-05-10,,,,,,
2011-05-11,,,,,,
2011-05-12,,,,,,
2011-05-13,,,,,,
2011-05-16,,,,,,
2011-05-17,,,,,,
2011-05-18,,,,,,
2011-05-19,,,,,,
2011-05-20,,,,,,
2011-05-23,,,,,,
2011-05-24,,,,,,
2011-05-25,,,,,,
2011-05-26,,,,,,
2011-05-27,,,,,,
2011-05-31,,,,,,
2011-06-01,,,,,,
2011-06-02,,,,,,
2011-06-03,,,,,,
2011-06-06,,,,,,
2011-06-07,,,,,,
2011-06-08,,,,,,
2011-06-09,,,,,,
2011-06-10,,,,,,
2011-06-13,,,,,,
2011-06-14,,,,,,
2011-06-15,,,,,,
2011-06-16,,,,,,
2011-06-17,,,,,,
2011-06-20,,,,,,
2011-06-21,,,,,,
2011-06-22,,,,,,
2011-06-23,,,,,,
2011-06-24,,,,,,
2011-06-27,,,,,,
2011-06-28,,,,,,
2011-06-29,,,,,,
2011-06-30,,,,,,
2011-07-01,,,,,,
2011-07-05,,,,,,
2011-07-06,,,,,,
2011-07-07,,,,,,
2011-07-08,,,,,,
2011-07-11,,,,,,
2011-07-12,,,,,,
2011-07-13,,,,,,
2011-07-14,,,,,,
2011-07-15,,,,,,
2011-07-18,,,,,,
2011-07-19,,,,,,
2011-07-20,,,,,,
2011-07-21,,,,,,
2011-07-22,,,,,,
2011-07-25,,,,,,
2011-07-26,,,,,,
2011-07-27,,,,,,
2011-07-28,,,,,,
2011-07-29,,,,,,
2011-08-01,,,,,,
2011-08-02,,,,,,
2011-08-03,,,,,,
2011-08-04,,,,,,
2011-08-05,,,,,,
2011-08-08,,,,,,
2011-08-09,,,,,,
2011-08-10,,,,,,
2011-08-11,,,,,,
2011-08-12,,,,,,
2011-08-15,,,,,,
2011-08-16,,,,,,
2011-08-17,,,,,,
2011-08-18,,,,,,
2011-08-19,,,,,,
2011-08-22,,,,,,
2011-08-23,,,,,,
2011-08-24,,,,,,
2011-08-25,,,,,,
2011-08-26,,,,,,
2011-08-29,,,,,,
2011-08-30,,,,,,
2011-08-31,,,,,,
2011-09-01,,,,,,
2011-09-02,,,,,,
2011-09-06,,,,,,
2011-09-07,,,,,,
2011-09-08,,,,,,
2011-09-09,,,,,,
2011-09-12,,,,,,
2011-09-13,,,,,,
2011-09-14,,,,,,
2011-09-15,,,,,,
2011-09-16,,,,,,
2011-09-19,,,,,,
2011-09-20,,,,,,
2011-09-21,,,,,,
2011-09-22,,,,,,
2011-09-23,,,,,,
2011-09-26,,,,,,
2011-09-27,,,,,,
2011-09-28,,,,,,
2011-09-29,,,,,,
2011-09-30,,,,,,
2011-10-03,,,,,,
2011-10-04,,,,,,
2011-10-05,,,,,,
2011-10-06,,,,,,
2011-10-07,,,,,,
2011-10-10,,,,,,
2011-10-11,,,,,,
2011-10-12,,,,,,
2011-10-13,,,,,,
2011-10-14,,,,,,
2011-10-17,,,,,,
2011-10-18,,,,,,
2011-10-19,,,,,,
2011-10-20,,,,,,
2011-10-21,,,,,,
2011-10-24,,,,,,
2011-10-25,,,,,,
2011-10-26,,,,,,
2011-10-27,,,,,,
2011-10-28,,,,,,
2011-10-31,,,,,,
2011-11-01,,,,,,
2011-11-02,,,,,,
2011-11-03,,,,,,
2011-11-04,,,,,,
2011-11-07,,,,,,
2011-11-08,,,,,,
2011-11-09,,,,,,
2011-11-10,,,,,,
2011-11-11,,,,,,
2011-11-14,,,,,,
2011-11-15,,,,,,
2011-11-16,,,,,,
2011-11-17,,,,,,
2011-11-18,,,,,,
2011-11-21,,,,,,
2011-11-22,,,,,,
2011-11-23,,,,,,
2011-11-25,,,,,,
2011-11-28,,,,,,
2011-11-29,,,,,,
2011-11-30,,,,,,
2011-12-01,,,,,,
2011-12-02,,,,,,
2011-12-05,,,,,,
2011-12-06,,,,,,
2011-12-07,,,,,,
2011-12-08,,,,,,
2011-12-09,,,,,,
2011-12-12,,,,,,
2011-12-13,,,,,,
2011-12-14,,,,,,
2011-12-15,,,,,,
2011-12-16,,,,,,
2011-12-19,,,,,,
2011-12-20,,,,,,
2011-12-21,,,,,,
2011-12-22,,,,,,
2011-12-23,,,,,,
2011-12-27,,,,,,
2011-12-28,,,,,,
2011-12-29,,,,,,
2011-12-30,,,,,,
2012-01-03,,,,,,
2012-01-04,,,,,,
2012-01-05,,,,,,
2012-01-06,,,,,,
2012-01-09,,,,,,
2012-01-10,,,,,,
2012-01-11,,,,,,
2012-01-12,,,,,,
2012-01-13,,,,,,
2012-01-17,,,,,,
2012-01-18,,,,,,
2012-01-19,,,,,,
2012-01-20,,,,,,
2012-01-23,,,,,,
2012-01-24,,,,,,
2012-01-25,,,,,,
2012-01-26,,,,,,
2012-01-27,,,,,,
2012-01-30,,,,,,
2012-01-31,,,,,,
2012-02-01,,,,,,
2012-02-02,,,,,,
2012-02-03,,,,,,
2012-02-06,,,,,,
2012-02-07,,,,,,
2012-02-08,,,,,,
2012-02-09,,,,,,
2012-02-10,,,,,,
2012-02-13,,,,,,
2012-02-14,,,,,,
2012-02-15,,,,,,
2012-02-16,,,,,,
2012-02-17,,,,,,
2012-02-21,,,,,,
2012-02-22,,,,,,
2012-02-23,,,,,,
2012-02-24,,,,,,
2012-02-27,,,,,,
2012-02-28,,,,,,
2012-02-29,,,,,,
2012-03-01,,,,,,
2012-03-02,,,,,,
2012-03-05,,,,,,
2012-03-06,,,,,,
2012-03-07,,,,,,
2012-03-08,,,,,,
2012-03-09,,,,,,
2012-03-12,,,,,,
2012-03-13,,,,,,
2012-03-14,,,,,,
2012-03-15,,,,,,
2012-03-16,,,,,,
2012-03-19,,,,,,
2012-03-20,,,,,,
2012-03-21,,,,,,
2012-03-22,,,,,,
2012-03-23,,,,,,
2012-03-26,,,,,,
2012-03-27,,,,,,
2012-03-28,,,,,,
2012-03-29,,,,,,
2012-03-30,,,,,,
2012-04-02,,,,,,
2012-04-03,,,,,,
2012-04-04,,,,,,
2012-04-05,,,,,,
2012-04-09,,,,,,
2012-04-10,,,,,,
2012-04-11,,,,,,
2012-04-12,,,,,,
2012-04-13,,,,,,
2012-04-16,,,,,,
2012-04-17,,,,,,
2012-04-18,,,,,,
2012-04-19,,,,,,
2012-04-20,,,,,,
2012-04-23,,,,,,
2012-04-24,,,,,,
2012-04-25,,,,,,
2012-04-26,,,,,,
2012-04-27,,,,,,
2012-04-30,,,,,,
2012-05-01,,,,,,
2012-05-02,,,,,,
2012-05-03,,,,,,
2012-05-04,,,,,,
2012-05-07,,,,,,
2012-05-08,,,,,,
2012-05-09,,,,,,
2012-05-10,,,,,,
2012-05-11,,,,,,
2012-05-14,,,,,,
2012-05-15,,,,,,
2012-05-16,,,,,,
2012-05-17,,,,,,
2012-05-18,,,,,,
2012-05-21,,,,,,
2012-05-22,,,,,,
2012-05-23,,,,,,
2012-05-24,,,,,,
2012-05-25,,,,,,
2012-05-29,,,,,,
2012-05-30,,,,,,
2012-05-31,,,,,,
2012-06-01,,,,,,
2012-06-04,,,,,,
2012-06-05,,,,,,
2012-06-06,,,,,,
2012-06-07,,,,,,
2012-06-08,,,,,,
2012-06-11,,,,,,
2012-06-12,,,,,,
2012-06-13,,,,,,
2012-06-14,,,,,,
2012-06-15,,,,,,
2012-06-18,,,,,,
2012-06-19,,,,,,
2012-06-20,,,,,,
2012-06-21,,,,,,
2012-06-22,,,,,,
2012-06-25,,,,,,
2012-06-26,,,,,,
2012-06-27,,,,,,
2012-06-28,,,,,,
2012-06-29,,,,,,
2012-07-02,,,,,,
2012-07-03,,,,,,
2012-07-05,,,,,,
2012-07-06,,,,,,
2012-07-09,,,,,,
2012-07-10,,,,,,
2012-07-11,,,,,,
2012-07-12,,,,,,
2012-07-13,,,,,,
2012-07-16,,,,,,
2012-07-17,,,,,,
2012-07-18,,,,,,
2012-07-19,,,,,,
2012-07-20,,,,,,
2012-07-23,,,,,,
2012-07-24,,,,,,
2012-07-25,,,,,,
2012-07-26,,,,,,
2012-07-27,,,,,,
2012-07-30,,,,,,
2012-07-31,,,,,,
2012-08-01,,,,,,
2012-08-02,,,,,,
2012-08-03,,,,,,
2012-08-06,,,,,,
2012-08-07,,,,,,
2012-08-08,,,,,,
2012-08-09,,,,,,
2012-08-10,,,,,,
2012-08-13,,,,,,
2012-08-14,,,,,,
2012-08-15,,,,,,
2012-08-16,,,,,,
2012-08-17,,,,,,
2012-08-20,,,,,,
2012-08-21,,,,,,
2012-08-22,,,,,,
2012-08-23,,,,,,
2012-08-24,,,,,,
2012-08-27,,,,,,
2012-08-28,,,,,,
2012-08-29,,,,,,
2012-08-30,,,,,,
2012-08-31,,,,,,
2012-09-04,,,,,,
2012-09-05,,,,,,
2012-09-06,,,,,,
2012-09-07,,,,,,
2012-09-10,,,,,,
2012-09-11,,,,,,
2012-09-12,,,,,,
2012-09-13,,,,,,
2012-09-14,,,,,,
2012-09-17,,,,,,
2012-09-18,,,,,,
2012-09-19,,,,,,
2012-09-20,,,,,,
2012-09-21,,,,,,
2012-09-24,,,,,,
2012-09-25,,,,,,
2012-09-26,,,,,,
2012-09-27,,,,,,
2012-09-28,,,,,,
2012-10-01,,,,,,
2012-10-02,,,,,,
2012-10-03,,,,,,
2012-10-04,,,,,,
2012-10-05,,,,,,
2012-10-08,,,,,,
2012-10-09,,,,,,
2012-10-10,,,,,,
2012-10-11,,,,,,
2012-10-12,,,,,,
2012-10-15,,,,,,
2012-10-16,,,,,,
2012-10-17,,,,,,
2012-10-18,,,,,,
2012-10-19,,,,,,
2012-10-22,,,,,,
2012-10-23,,,,,,
2012-10-24,,,,,,
2012-10-25,,,,,,
2012-10-26,,,,,,
2012-10-29,,,,,,
2012-10-31,,,,,,
2012-11-01,,,,,,
2012-11-02,,,,,,
2012-11-05,,,,,,
2012-11-06,,,,,,
2012-11-07,,,,,,
2012-11-08,,,,,,
2012-11-09,,,,,,
2012-11-12,,,,,,
2012-11-13,,,,,,
2012-11-14,,,,,,
2012-11-15,,,,,,
2012-11-16,,,,,,
2012-11-19,,,,,,
2012-11-20,,,,,,
2012-11-21,,,,,,
2012-11-23,,,,,,
2012-11-26,,,,,,
2012-11-27,,,,,,
2012-11-28,,,,,,
2012-11-29,,,,,,
2012-11-30,,,,,,
2012-12-03,,,,,,
2012-12-04,,,,,,
2012-12-05,,,,,,
2012-12-06,,,,,,
2012-12-07,,,,,,
2012-12-10,,,,,,
2012-12-11,,,,,,
2012-12-12,,,,,,
2012-12-13,,,,,,
2012-12-14,,,,,,
2012-12-17,,,,,,
2012-12-18,,,,,,
2012-12-19,,,,,,
2012-12-20,,,,,,
2012-12-21,,,,,,
2012-12-24,,,,,,
2012-12-26,,,,,,
2012-12-27,,,,,,
2012-12-28,,,,,,
2012-12-31,,,,,,
2013-01-02,,,,,,
2013-01-03,,,,,,
2013-01-04,,,,,,
2013-01-07,,,,,,
2013-01-08,,,,,,
2013-01-09,,,,,,
2013-01-10,,,,,,
2013-01-11,,,,,,
2013-01-14,,,,,,
2013-01-15,,,,,,
2013-01-16,,,,,,
2013-01-17,,,,,,
2013-01-18,,,,,,
2013-01-22,,,,,,
2013-01-23,,,,,,
2013-01-24,,,,,,
2013-01-25,,,,,,
2013-01-28,,,,,,
2013-01-29,,,,,,
2013-01-30,,,,,,
2013-01-31,,,,,,
2013-02-01,,,,,,
2013-02-04,,,,,,
2013-02-05,,,,,,
2013-02-06,,,,,,
2013-02-07,,,,,,
2013-02-08,,,,,,
2013-02-11,,,,,,
2013-02-12,,,,,,
2013-02-13,,,,,,
2013-02-14,,,,,,
2013-02-15,,,,,,
2013-02-19,,,,,,
2013-02-20,,,,,,
2013-02-21,,,,,,
2013-02-22,,,,,,
2013-02-25,,,,,,
2013-02-26,,,,,,
2013-02-27,,,,,,
2013-02-28,,,,,,
2013-03-01,,,,,,
2013-03-04,,,,,,
2013-03-05,,,,,,
2013-03-06,,,,,,
2013-03-07,,,,,,
2013-03-08,,,,,,
2013-03-11,,,,,,
2013-03-12,,,,,,
2013-03-13,,,,,,
2013-03-14,,,,,,
2013-03-15,,,,,,
2013-03-18,,,,,,
2013-03-19,,,,,,
2013-03-20,,,,,,
2013-03-21,,,,,,
2013-03-22,,,,,,
2013-03-25,,,,,,
2013-03-26,,,,,,
2013-03-27,,,,,,
2013-03-28,,,,,,
2013-04-01,,,,,,
2013-04-02,,,,,,
2013-04-03,,,,,,
2013-04-04,,,,,,
2013-04-05,,,,,,
2013-04-08,,,,,,
2013-04-09,,,,,,
2013-04-10,,,,,,
2013-04-11,,,,,,
2013-04-12,,,,,,
2013-04-15,,,,,,
2013-04-16,,,,,,
2013-04-17,,,,,,
2013-04-18,,,,,,
2013-04-19,,,,,,
2013-04-22,,,,,,
2013-04-23,,,,,,
2013-04-24,,,,,,
2013-04-25,,,,,,
2013-04-26,,,,,,
2013-04-29,,,,,,
2013-04-30,,,,,,
2013-05-01,,,,,,
2013-05-02,,,,,,
2013-05-03,,,,,,
2013-05-06,,,,,,
2013-05-07,,,,,,
2013-05-08,,,,,,
2013-05-09,,,,,,
2013-05-10,,,,,,
2013-05-13,,,,,,
2013-05-14,,,,,,
2013-05-15,,,,,,
2013-05-16,,,,,,
2013-05-17,,,,,,
2013-05-20,,,,,,
2013-05-21,,,,,,
2013-05-22,,,,,,
2013-05-23,,,,,,
2013-05-24,,,,,,
2013-05-28,,,,,,
2013-05-29,,,,,,
2013-05-30,,,,,,
2013-05-31,,,,,,
2013-06-03,,,,,,
2013-06-04,,,,,,
2013-06-05,,,,,,
2013-06-06,,,,,,
2013-06-07,,,,,,
2013-06-10,,,,,,
2013-06-11,,,,,,
2013-06-12,,,,,,
2013-06-13,,,,,,
2013-06-14,,,,,,
2013-06-17,,,,,,
2013-06-18,,,,,,
2013-06-19,,,,,,
2013-06-20,,,,,,
2013-06-21,,,,,,
2013-06-24,,,,,,
2013-06-25,,,,,,
2013-06-26,,,,,,
2013-06-27,,,,,,
2013-06-28,,,,,,
2013-07-01,,,,,,
2013-07-02,,,,,,
2013-07-03,,,,,,
2013-07-05,,,,,,
2013-07-08,,,,,,
2013-07-09,,,,,,
2013-07-10,,,,,,
2013-07-11,,,,,,
2013-07-12,,,,,,
2013-07-15,,,,,,
2013-07-16,,,,,,
2013-07-17,,,,,,
2013-07-18,,,,,,
2013-07-19,,,,,,
2013-07-22,,,,,,
2013-07-23,,,,,,
2013-07-24,,,,,,
2013-07-25,,,,,,
2013-07-26,,,,,,
2013-07-29,,,,,,
2013-07-30,,,,,,
2013-07-31,,,,,,
2013-08-01,,,,,,
2013-08-02,,,,,,
2013-08-05,,,,,,
2013-08-06,,,,,,
2013-08-07,,,,,,
2013-08-08,,,,,,
2013-08-09,,,,,,
2013-08-12,,,,,,
2013-08-13,,,,,,
2013-08-14,,,,,,
2013-08-15,,,,,,
2013-08-16,,,,,,
2013-08-19,,,,,,
2013-08-20,,,,,,
2013-08-21,,,,,,
2013-08-22,,,,,,
2013-08-23,,,,,,
2013-08-26,,,,,,
2013-08-27,,,,,,
2013-08-28,,,,,,
2013-08-29,,,,,,
2013-08-30,,,,,,
2013-09-03,,,,,,
2013-09-04,,,,,,
2013-09-05,,,,,,
2013-09-06,,,,,,
2013-09-09,,,,,,
2013-09-10,,,,,,
2013-09-11,,,,,,
2013-09-12,,,,,,
2013-09-13,,,,,,
2013-09-16,,,,,,
2013-09-17,,,,,,
2013-09-18,,,,,,
2013-09-19,,,,,,
2013-09-20,,,,,,
2013-09-23,,,,,,
2013-09-24,,,,,,
2013-09-25,,,,,,
2013-09-26,,,,,,
2013-09-27,,,,,,
2013-09-30,,,,,,
2013-10-01,,,,,,
2013-10-02,,,,,,
2013-10-03,,,,,,
2013-10-04,,,,,,
2013-10-07,,,,,,
2013-10-08,,,,,,
2013-10-09,,,,,,
2013-10-10,,,,,,
2013-10-11,,,,,,
2013-10-14,,,,,,
2013-10-15,,,,,,
2013-10-16,,,,,,
2013-10-17,,,,,,
2013-10-18,,,,,,
2013-10-21,,,,,,
2013-10-22,,,,,,
2013-10-23,,,,,,
2013-10-24,,,,,,
2013-10-25,,,,,,
2013-10-28,,,,,,
2013-10-29,,,,,,
2013-10-30,,,,,,
2013-10-31,,,,,,
2013-11-01,,,,,,
2013-11-04,,,,,,
2013-11-05,,,,,,
2013-11-06,,,,,,
2013-11-07,,,,,,
2013-11-08,,,,,,
2013-11-11,,,,,,
2013-11-12,,,,,,
2013-11-13,,,,,,
2013-11-14,,,,,,
2013-11-15,,,,,,
2013-11-18,,,,,,
2013-11-19,,,,,,
2013-11-20,,,,,,
2013-11-21,,,,,,
2013-11-22,,,,,,
2013-11-25,,,,,,
2013-11-26,,,,,,
2013-11-27,,,,,,
2013-11-29,,,,,,
2013-12-02,,,,,,
2013-12-03,,,,,,
2013-12-04,,,,,,
2013-12-05,,,,,,
2013-12-06,,,,,,
2013-12-09,,,,,,
2013-12-10,,,,,,
2013-12-11,,,,,,
2013-12-12,,,,,,
2013-12-13,,,,,,
2013-12-16,,,,,,
2013-12-17,,,,,,
2013-12-18,,,,,,
2013-12-19,,,,,,
2013-12-20,,,,,,
2013-12-23,,,,,,
2013-12-24,,,,,,
2013-12-26,,,,,,
2013-12-27,,,,,,
2013-12-30,,,,,,
2013-12-31,,,,,,
2014-01-02,,,,,,
2014-01-03,,,,,,
2014-01-06,,,,,,
2014-01-07,,,,,,
2014-01-08,,,,,,
2014-01-09,,,,,,
2014-01-10,,,,,,
2014-01-13,,,,,,
2014-01-14,,,,,,
2014-01-15,,,,,,
2014-01-16,,,,,,
2014-01-17,,,,,,
2014-01-21,,,,,,
2014-01-22,,,,,,
2014-01-23,,,,,,
2014-01-24,,,,,,
2014-01-27,,,,,,
2014-01-28,,,,,,
2014-01-29,,,,,,
2014-01-30,,,,,,
2014-01-31,,,,,,
2014-02-03,,,,,,
2014-02-04,,,,,,
2014-02-05,,,,,,
2014-02-06,,,,,,
2014-02-07,,,,,,
2014-02-10,,,,,,
2014-02-11,,,,,,
2014-02-12,,,,,,
2014-02-13,,,,,,
2014-02-14,,,,,,
2014-02-18,,,,,,
2014-02-19,,,,,,
2014-02-20,,,,,,
2014-02-21,,,,,,
2014-02-24,,,,,,
2014-02-25,,,,,,
2014-02-26,,,,,,
2014-02-27,,,,,,
2014-02-28,,,,,,
2014-03-03,,,,,,
2014-03-04,,,,,,
2014-03-05,,,,,,
2014-03-06,,,,,,
2014-03-07,,,,,,
2014-03-10,,,,,,
2014-03-11,,,,,,
2014-03-12,,,,,,
2014-03-13,,,,,,
2014-03-14,,,,,,
2014-03-17,,,,,,
2014-03-18,,,,,,
2014-03-19,,,,,,
2014-03-20,,,,,,
2014-03-21,,,,,,
2014-03-24,,,,,,
2014-03-25,,,,,,
2014-03-26,,,,,,
2014-03-27,,,,,,
2014-03-28,,,,,,
2014-03-31,,,,,,
2014-04-01,,,,,,
2014-04-02,,,,,,
2014-04-03,,,,,,
2014-04-04,,,,,,
2014-04-07,,,,,,
2014-04-08,,,,,,
2014-04-09,,,,,,
2014-04-10,,,,,,
2014-04-11,,,,,,
2014-04-14,,,,,,
2014-04-15,,,,,,
2014-04-16,,,,,,
2014-04-17,,,,,,
2014-04-21,,,,,,
2014-04-22,,,,,,
2014-04-23,,,,,,
2014-04-24,,,,,,
2014-04-25,,,,,,
2014-04-28,,,,,,
2014-04-29,,,,,,
2014-04-30,,,,,,
2014-05-01,,,,,,
2014-05-02,,,,,,
2014-05-05,,,,,,
2014-05-06,,,,,,
2014-05-07,,,,,,
2014-05-08,,,,,,
2014-05-09,,,,,,
2014-05-12,,,,,,
2014-05-13,,,,,,
2014-05-14,,,,,,
2014-05-15,,,,,,
2014-05-16,,,,,,
2014-05-19,,,,,,
2014-05-20,,,,,,
2014-05-21,,,,,,
2014-05-22,,,,,,
2014-05-23,,,,,,
2014-05-27,,,,,,
2014-05-28,,,,,,
2014-05-29,,,,,,
2014-05-30,,,,,,
2014-06-02,,,,,,
2014-06-03,,,,,,
2014-06-04,,,,,,
2014-06-05,,,,,,
2014-06-06,,,,,,
2014-06-09,,,,,,
2014-06-10,,,,,,
2014-06-11,,,,,,
2014-06-12,,,,,,
2014-06-13,,,,,,
2014-06-16,,,,,,
2014-06-17,,,,,,
2014-06-18,,,,,,
2014-06-19,,,,,,
2014-06-20,,,,,,
2014-06-23,,,,,,
2014-06-24,,,,,,
2014-06-25,,,,,,
2014-06-26,,,,,,
2014-06-27,,,,,,
2014-06-30,,,,,,
2014-07-01,,,,,,
2014-07-02,,,,,,
2014-07-03,,,,,,
2014-07-07,,,,,,
2014-07-08,,,,,,
2014-07-09,,,,,,
2014-07-10,,,,,,
2014-07-11,,,,,,
2014-07-14,,,,,,
2014-07-15,,,,,,
2014-07-16,,,,,,
2014-07-17,,,,,,
2014-07-18,,,,,,
2014-07-21,,,,,,
2014-07-22,,,,,,
2014-07-23,,,,,,
2014-07-24,,,,,,
2014-07-25,,,,,,
2014-07-28,,,,,,
2014-07-29,,,,,,
2014-07-30,,,,,,
2014-07-31,,,,,,
2014-08-01,,,,,,
2014-08-04,,,,,,
2014-08-05,,,,,,
2014-08-06,,,,,,
2014-08-07,,,,,,
2014-08-08,,,,,,
2014-08-11,,,,,,
2014-08-12,,,,,,
2014-08-13,,,,,,
2014-08-14,,,,,,
2014-08-15,,,,,,
2014-08-18,,,,,,
2014-08-19,,,,,,
2014-08-20,,,,,,
2014-08-21,,,,,,
2014-08-22,,,,,,
2014-08-25,,,,,,
2014-08-26,,,,,,
2014-08-27,,,,,,
2014-08-28,,,,,,
2014-08-29,,,,,,
2014-09-02,,,,,,
2014-09-03,,,,,,
2014-09-04,,,,,,
2014-09-05,,,,,,
2014-09-08,,,,,,
2014-09-09,,,,,,
2014-09-10,,,,,,
2014-09-11,,,,,,
2014-09-12,,,,,,
2014-09-15,,,,,,
2014-09-16,,,,,,
2014-09-17,,,,,,
2014-09-18,,,,,,
2014-09-19,,,,,,
2014-09-22,,,,,,
2014-09-23,,,,,,
2014-09-24,,,,,,
2014-09-25,,,,,,
2014-09-26,,,,,,
2014-09-29,,,,,,
2014-09-30,,,,,,
2014-10-01,,,,,,
2014-10-02,,,,,,
2014-10-03,,,,,,
2014-10-06,,,,,,
2014-10-07,,,,,,
2014-10-08,,,,,,
2014-10-09,,,,,,
2014-10-10,,,,,,
2014-10-13,,,,,,
2014-10-14,,,,,,
2014-10-15,,,,,,
2014-10-16,,,,,,
2014-10-17,,,,,,
2014-10-20,,,,,,
2014-10-21,,,,,,
2014-10-22,,,,,,
2014-10-23,,,,,,
2014-10-24,,,,,,
2014-10-27,,,,,,
2014-10-28,,,,,,
2014-10-29,,,,,,
2014-10-30,,,,,,
2014-10-31,,,,,,
2014-11-03,,,,,,
2014-11-04,,,,,,
2014-11-05,,,,,,
2014-11-06,,,,,,
2014-11-07,,,,,,
2014-11-10,,,,,,
2014-11-11,,,,,,
2014-11-12,,,,,,
2014-11-13,,,,,,
2014-11-14,,,,,,
2014-11-17,,,,,,
2014-11-18,,,,,,
2014-11-19,,,,,,
2014-11-20,,,,,,
2014-11-21,,,,,,
2014-11-24,,,,,,
2014-11-25,,,,,,
2014-11-26,,,,,,
2014-11-28,,,,,,
2014-12-01,,,,,,
2014-12-02,,,,,,
2014-12-03,,,,,,
2014-12-04,,,,,,
2014-12-05,,,,,,
2014-12-08,,,,,,
2014-12-09,,,,,,
2014-12-10,,,,,,
2014-12-11,,,,,,
2014-12-12,,,,,,
2014-12-15,,,,,,
2014-12-16,,,,,,
2014-12-17,,,,,,
2014-12-18,,,,,,
2014-12-19,,,,,,
2014-12-22,,,,,,
2014-12-23,,,,,,
2014-12-24,,,,,,
2014-12-26,,,,,,
2014-12-29,,,,,,
2014-12-30,,,,,,
2014-12-31,,,,,,
2015-01-02,,,,,,
2015-01-05,,,,,,
2015-01-06,,,,,,
2015-01-07,,,,,,
2015-01-08,,,,,,
2015-01-09,,,,,,
2015-01-12,,,,,,
2015-01-13,,,,,,
2015-01-14,,,,,,
2015-01-15,,,,,,
2015-01-16,,,,,,
2015-01-20,,,,,,
2015-01-21,,,,,,
2015-01-22,,,,,,
2015-01-23,,,,,,
2015-01-26,,,,,,
2015-01-27,,,,,,
2015-01-28,,,,,,
2015-01-29,,,,,,
2015-01-30,,,,,,
2015-02-02,,,,,,
2015-02-03,,,,,,
2015-02-04,,,,,,
2015-02-05,,,,,,
2015-02-06,,,,,,
2015-02-09,,,,,,
2015-02-10,,,,,,
2015-02-11,,,,,,
2015-02-12,,,,,,
2015-02-13,,,,,,
2015-02-17,,,,,,
2015-02-18,,,,,,
2015-02-19,,,,,,
2015-02-20,,,,,,
2015-02-23,,,,,,
2015-02-24,,,,,,
2015-02-25,,,,,,
2015-02-26,,,,,,
2015-02-27,,,,,,
2015-03-02,,,,,,
2015-03-03,,,,,,
2015-03-04,,,,,,
2015-03-05,,,,,,
2015-03-06,,,,,,
2015-03-09,,,,,,
2015-03-10,,,,,,
2015-03-11,,,,,,
2015-03-12,,,,,,
2015-03-13,,,,,,
2015-03-16,,,,,,
2015-03-17,,,,,,
2015-03-18,,,,,,
2015-03-19,,,,,,
2015-03-20,,,,,,
2015-03-23,,,,,,
2015-03-24,,,,,,
2015-03-25,,,,,,
2015-03-26,,,,,,
2015-03-27,,,,,,
2015-03-30,,,,,,
2015-03-31,,,,,,
2015-04-01,,,,,,
2015-04-02,,,,,,
2015-04-06,,,,,,
2015-04-07,,,,,,
2015-04-08,,,,,,
2015-04-09,,,,,,
2015-04-10,,,,,,
2015-04-13,,,,,,
2015-04-14,,,,,,
2015-04-15,,,,,,
2015-04-16,,,,,,
2015-04-17,,,,,,
2015-04-20,,,,,,
2015-04-21,,,,,,
2015-04-22,,,,,,
2015-04-23,,,,,,
2015-04-24,,,,,,
2015-04-27,,,,,,
2015-04-28,,,,,,
2015-04-29,,,,,,
2015-04-30,,,,,,
2015-05-01,,,,,,
2015-05-04,,,,,,
2015-05-05,,,,,,
2015-05-06,,,,,,
2015-05-07,,,,,,
2015-05-08,,,,,,
2015-05-11,,,,,,
2015-05-12,,,,,,
2015-05-13,,,,,,
2015-05-14,,,,,,
2015-05-15,,,,,,
2015-05-18,,,,,,
2015-05-19,,,,,,
2015-05-20,,,,,,
2015-05-21,,,,,,
2015-05-22,,,,,,
2015-05-26,,,,,,
2015-05-27,,,,,,
2015-05-28,,,,,,
2015-05-29,,,,,,
2015-06-01,,,,,,
2015-06-02,,,,,,
2015-06-03,,,,,,
2015-06-04,,,,,,
2015-06-05,,,,,,
2015-06-08,,,,,,
2015-06-09,,,,,,
2015-06-10,,,,,,
2015-06-11,,,,,,
2015-06-12,,,,,,
2015-06-15,,,,,,
2015-06-16,,,,,,
2015-06-17,,,,,,
2015-06-18,,,,,,
2015-06-19,,,,,,
2015-06-22,,,,,,
2015-06-23,,,,,,
2015-06-24,,,,,,
2015-06-25,,,,,,
2015-06-26,,,,,,
2015-06-29,,,,,,
2015-06-30,,,,,,
2015-07-01,,,,,,
2015-07-02,,,,,,
2015-07-06,,,,,,
2015-07-07,,,,,,
2015-07-08,,,,,,
2015-07-09,,,,,,
2015-07-10,,,,,,
2015-07-13,,,,,,
2015-07-14,,,,,,
2015-07-15,,,,,,
2015-07-16,,,,,,
2015-07-17,,,,,,
2015-07-20,,,,,,
2015-07-21,,,,,,
2015-07-22,,,,,,
2015-07-23,,,,,,
2015-07-24,,,,,,
2015-07-27,,,,,,
2015-07-28,,,,,,
2015-07-29,,,,,,
2015-07-30,,,,,,
2015-07-31,,,,,,
2015-08-03,,,,,,
2015-08-04,,,,,,
2015-08-05,,,,,,
2015-08-06,,,,,,
2015-08-07,,,,,,
2015-08-10,,,,,,
2015-08-11,,,,,,
2015-08-12,,,,,,
2015-08-13,,,,,,
2015-08-14,,,,,,
2015-08-17,,,,,,
2015-08-18,,,,,,
2015-08-19,,,,,,
2015-08-20,,,,,,
2015-08-21,,,,,,
2015-08-24,,,,,,
2015-08-25,,,,,,
2015-08-26,,,,,,
2015-08-27,,,,,,
2015-08-28,,,,,,
2015-08-31,,,,,,
2015-09-01,,,,,,
2015-09-02,,,,,,
2015-09-03,,,,,,
2015-09-04,,,,,,
2015-09-08,,,,,,
2015-09-09,,,,,,
2015-09-10,,,,,,
2015-09-11,,,,,,
2015-09-14,,,,,,
2015-09-15,,,,,,
2015-09-16,,,,,,
2015-09-17,,,,,,
2015-09-18,,,,,,
2015-09-21,,,,,,
2015-09-22,,,,,,
2015-09-23,,,,,,
2015-09-24,,,,,,
2015-09-25,,,,,,
2015-09-28,,,,,,
2015-09-29,,,,,,
2015-09-30,,,,,,
2015-10-01,,,,,,
2015-10-02,,,,,,
2015-10-05,,,,,,
2015-10-06,,,,,,
2015-10-07,,,,,,
2015-10-08,,,,,,
2015-10-09,,,,,,
2015-10-12,,,,,,
2015-10-13,,,,,,
2015-10-14,,,,,,
2015-10-15,,,,,,
2015-10-16,,,,,,
2015-10-19,,,,,,
2015-10-20,,,,,,
2015-10-21,,,,,,
2015-10-22,,,,,,
2015-10-23,,,,,,
2015-10-26,,,,,,
2015-10-27,,,,,,
2015-10-28,,,,,,
2015-10-29,,,,,,
2015-10-30,,,,,,
2015-11-02,,,,,,
2015-11-03,,,,,,
2015-11-04,,,,,,
2015-11-05,,,,,,
2015-11-06,,,,,,
2015-11-09,,,,,,
2015-11-10,,,,,,
2015-11-11,,,,,,
2015-11-12,,,,,,
2015-11-13,,,,,,
2015-11-16,,,,,,
2015-11-17,,,,,,
2015-11-18,,,,,,
2015-11-19,,,,,,
2015-11-20,,,,,,
2015-11-23,,,,,,
2015-11-24,,,,,,
2015-11-25,,,,,,
2015-11-27,,,,,,
2015-11-30,,,,,,
2015-12-01,,,,,,
2015-12-02,,,,,,
2015-12-03,,,,,,
2015-12-04,,,,,,
2015-12-07,,,,,,
2015-12-08,,,,,,
2015-12-09,,,,,,
2015-12-10,,,,,,
2015-12-11,,,,,,
2015-12-14,,,,,,
2015-12-15,,,,,,
2015-12-16,,,,,,
2015-12-17,,,,,,
2015-12-18,,,,,,
2015-12-21,,,,,,
2015-12-22,,,,,,
2015-12-23,,,,,,
2015-12-24,,,,,,
2015-12-28,,,,,,
2015-12-29,,,,,,
2015-12-30,,,,,,
2015-12-31,,,,,,
2016-01-04,,,,,,
2016-01-05,,,,,,
2016-01-06,,,,,,
2016-01-07,,,,,,
2016-01-08,,,,,,
2016-01-11,,,,,,
2016-01-12,,,,,,
2016-01-13,,,,,,
2016-01-14,,,,,,
2016-01-15,,,,,,
2016-01-18,,,,,,
2016-01-19,,,,,,
2016-01-20,,,,,,
2016-01-21,,,,,,
2016-01-22,,,,,,
2016-01-25,,,,,,
2016-01-26,,,,,,
2016-01-27,,,,,,
2016-01-28,,,,,,
2016-01-29,,,,,,
2016-02-01,,,,,,
2016-02-02,,,,,,
2016-02-03,,,,,,
2016-02-04,,,,,,
2016-02-05,,,,,,
2016-02-08,,,,,,
2016-02-09,,,,,,
2016-02-10,,,,,,
2016-02-11,,,,,,
2016-02-12,,,,,,
2016-02-16,,,,,,
2016-02-17,,,,,,
2016-02-18,,,,,,
2016-02-19,,,,,,
2016-02-22,,,,,,
2016-02-23,,,,,,
2016-02-24,,,,,,
2016-02-25,,,,,,
2016-02-26,,,,,,
2016-02-29,,,,,,
2016-03-01,,,,,,
2016-03-02,,,,,,
2016-03-03,,,,,,
2016-03-04,,,,,,
2016-03-07,,,,,,
2016-03-08,,,,,,
2016-03-09,,,,,,
2016-03-10,,,,,,
2016-03-11,,,,,,
2016-03-14,,,,,,
2016-03-15,,,,,,
2016-03-16,,,,,,
2016-03-17,,,,,,
2016-03-18,,,,,,
2016-03-21,,,,,,
2016-03-22,,,,,,
2016-03-23,,,,,,
2016-03-24,,,,,,
2016-03-28,,,,,,
2016-03-29,,,,,,
2016-03-30,,,,,,
2016-03-31,,,,,,
2016-04-01,,,,,,
2016-04-04,,,,,,
2016-04-05,,,,,,
2016-04-06,,,,,,
2016-04-07,,,,,,
2016-04-08,,,,,,
2016-04-11,,,,,,
2016-04-12,,,,,,
2016-04-13,,,,,,
2016-04-14,,,,,,
2016-04-15,,,,,,
2016-04-18,,,,,,
2016-04-19,,,,,,
2016-04-20,,,,,,
2016-04-21,,,,,,
2016-04-22,,,,,,
2016-04-25,,,,,,
2016-04-26,,,,,,
2016-04-27,,,,,,
2016-04-28,,,,,,
2016-04-29,,,,,,
2016-05-02,,,,,,
2016-05-03,,,,,,
2016-05-04,,,,,,
2016-05-05,,,,,,
2016-05-06,,,,,,
2016-05-09,,,,,,
2016-05-10,,,,,,
2016-05-11,,,,,,
2016-05-12,,,,,,
2016-05-13,,,,,,
2016-05-16,,,,,,
2016-05-17,,,,,,
2016-05-18,,,,,,
2016-05-19,,,,,,
2016-05-20,,,,,,
2016-05-23,,,,,,
2016-05-24,,,,,,
2016-05-25,,,,,,
2016-05-26,,,,,,
2016-05-27,,,,,,
2016-05-31,,,,,,
2016-06-01,,,,,,
2016-06-02,,,,,,
2016-06-03,,,,,,
2016-06-06,,,,,,
2016-06-07,,,,,,
2016-06-08,,,,,,
2016-06-09,,,,,,
2016-06-10,,,,,,
2016-06-13,,,,,,
2016-06-14,,,,,,
2016-06-15,,,,,,
2016-06-16,,,,,,
2016-06-17,,,,,,
2016-06-20,,,,,,
2016-06-21,,,,,,
2016-06-22,,,,,,
2016-06-23,,,,,,
2016-06-24,,,,,,
2016-06-27,,,,,,
2016-06-28,,,,,,
2016-06-29,,,,,,
2016-06-30,,,,,,
2016-07-01,,,,,,
2016-07-05,,,,,,
2016-07-06,,,,,,
2016-07-07,,,,,,
2016-07-08,,,,,,
2016-07-11,,,,,,
2016-07-12,,,,,,
2016-07-13,,,,,,
2016-07-14,,,,,,
2016-07-15,,,,,,
2016-07-18,,,,,,
2016-07-19,,,,,,
2016-07-20,,,,,,
2016-07-21,,,,,,
2016-07-22,,,,,,
2016-07-25,,,,,,
2016-07-26,,,,,,
2016-07-27,,,,,,
2016-07-28,,,,,,
2016-07-29,,,,,,
2016-08-01,,,,,,
2016-08-02,,,,,,
2016-08-03,,,,,,
2016-08-04,,,,,,
2016-08-05,,,,,,
2016-08-08,,,,,,
2016-08-09,,,,,,
2016-08-10,,,,,,
2016-08-11,,,,,,
2016-08-12,,,,,,
2016-08-15,,,,,,
2016-08-16,,,,,,
2016-08-17,,,,,,
2016-08-18,,,,,,
2016-08-19,,,,,,
2016-08-22,,,,,,
2016-08-23,,,,,,
2016-08-24,,,,,,
2016-08-25,,,,,,
2016-08-26,,,,,,
2016-08-29,,,,,,
2016-08-30,,,,,,
2016-08-31,,,,,,
2016-09-01,,,,,,
2016-09-02,,,,,,
2016-09-06,,,,,,
2016-09-07,,,,,,
2016-09-08,,,,,,
2016-09-09,,,,,,
2016-09-12,,,,,,
2016-09-13,,,,,,
2016-09-14,,,,,,
2016-09-15,,,,,,
2016-09-16,,,,,,
2016-09-19,,,,,,
2016-09-20,,,,,,
2016-09-21,,,,,,
2016-09-22,,,,,,
2016-09-23,,,,,,
2016-09-26,,,,,,
2016-09-27,,,,,,
2016-09-28,,,,,,
2016-09-29,,,,,,
2016-09-30,,,,,,
2016-10-03,,,,,,
2016-10-04,,,,,,
2016-10-05,,,,,,
2016-10-06,,,,,,
2016-10-07,,,,,,
2016-10-10,,,,,,
2016-10-11,,,,,,
2016-10-12,,,,,,
2016-10-13,,,,,,
2016-10-14,,,,,,
2016-10-17,,,,,,
2016-10-18,,,,,,
2016-10-19,,,,,,
2016-10-20,,,,,,
2016-10-21,,,,,,
2016-10-24,,,,,,
2016-10-25,,,,,,
2016-10-26,,,,,,
2016-10-27,,,,,,
2016-10-28,,,,,,
2016-10-31,,,,,,
2016-11-01,,,,,,
2016-11-02,,,,,,
2016-11-03,,,,,,
2016-11-04,,,,,,
2016-11-07,,,,,,
2016-11-08,,,,,,
2016-11-09,,,,,,
2016-11-10,,,,,,
2016-11-11,,,,,,
2016-11-14,,,,,,
2016-11-15,,,,,,
2016-11-16,,,,,,
2016-11-17,,,,,,
2016-11-18,,,,,,
2016-11-21,,,,,,
2016-11-22,,,,,,
2016-11-23,,,,,,
2016-11-25,,,,,,
2016-11-28,,,,,,
2016-11-29,,,,,,
2016-11-30,,,,,,
2016-12-01,,,,,,
2016-12-02,,,,,,
2016-12-05,,,,,,
2016-12-06,,,,,,
2016-12-07,,,,,,
2016-12-08,,,,,,
2016-12-09,,,,,,
2016-12-12,,,,,,
2016-12-13,,,,,,
2016-12-14,,,,,,
2016-12-15,,,,,,
2016-12-16,,,,,,
2016-12-19,,,,,,
2016-12-20,,,,,,
2016-12-21,,,,,,
2016-12-22,,,,,,
2016-12-23,,,,,,
2016-12-27,,,,,,
2016-12-28,,,,,,
2016-12-29,,,,,,
2016-12-30,,,,,,
2017-01-02,,,,,,
2017-01-03,,,,,,
2017-01-04,,,,,,
2017-01-05,,,,,,
2017-01-06,,,,,,
2017-01-09,,,,,,
2017-01-10,,,,,,
2017-01-11,,,,,,
2017-01-12,,,,,,
2017-01-13,,,,,,
2017-01-17,,,,,,
2017-01-18,,,,,,
2017-01-19,,,,,,
2017-01-20,,,,,,
2017-01-23,,,,,,
2017-01-24,,,,,,
2017-01-25,,,,,,
2017-01-26,,,,,,
2017-01-27,,,,,,
2017-01-30,,,,,,
2017-01-31,,,,,,
2017-02-01,,,,,,
2017-02-02,,,,,,
2017-02-03,,,,,,
2017-02-06,,,,,,
2017-02-07,,,,,,
2017-02-08,,,,,,
2017-02-09,,,,,,
2017-02-10,,,,,,
2017-02-13,,,,,,
2017-02-14,,,,,,
2017-02-15,,,,,,
2017-02-16,,,,,,
2017-02-17,,,,,,
2017-02-20,,,,,,
2017-02-21,,,,,,
2017-02-22,,,,,,
2017-02-23,,,,,,
2017-02-24,,,,,,
2017-02-27,,,,,,
2017-02-28,,,,,,
2017-03-01,,,,,,
2017-03-02,,,,,,
2017-03-03,,,,,,
2017-03-06,,,,,,
2017-03-07,,,,,,
2017-03-08,,,,,,
2017-03-09,,,,,,
2017-03-10,,,,,,
2017-03-13,,,,,,
2017-03-14,,,,,,
2017-03-15,,,,,,
2017-03-16,,,,,,
2017-03-17,,,,,,
2017-03-20,,,,,,
2017-03-21,,,,,,
2017-03-22,,,,,,
2017-03-23,,,,,,
2017-03-24,,,,,,
2017-03-27,,,,,,
2017-03-28,,,,,,
2017-03-29,,,,,,
2017-03-30,,,,,,
2017-03-31,,,,,,
2017-04-03,,,,,,
2017-04-04,,,,,,
2017-04-05,,,,,,
2017-04-06,,,,,,
2017-04-07,,,,,,
2017-04-10,,,,,,
2017-04-11,,,,,,
2017-04-12,,,,,,
2017-04-13,,,,,,
2017-04-17,,,,,,
2017-04-18,,,,,,
2017-04-19,,,,,,
2017-04-20,,,,,,
2017-04-21,,,,,,
2017-04-24,,,,,,
2017-04-25,,,,,,
2017-04-26,,,,,,
2017-04-27,,,,,,
2017-04-28,,,,,,
2017-05-01,,,,,,
2017-05-02,,,,,,
2017-05-03,,,,,,
2017-05-04,,,,,,
2017-05-05,,,,,,
2017-05-08,,,,,,
2017-05-09,,,,,,
2017-05-10,,,,,,
2017-05-11,,,,,,
2017-05-12,,,,,,
2017-05-15,,,,,,
2017-05-16,,,,,,
2017-05-17,,,,,,
2017-05-18,,,,,,
2017-05-19,,,,,,
2017-05-22,,,,,,
2017-05-23,,,,,,
2017-05-24,,,,,,
2017-05-25,,,,,,
2017-05-26,,,,,,
2017-05-30,,,,,,
2017-05-31,,,,,,
2017-06-01,,,,,,
2017-06-02,,,,,,
2017-06-05,,,,,,
2017-06-06,,,,,,
2017-06-07,,,,,,
2017-06-08,,,,,,
2017-06-09,,,,,,
2017-06-12,,,,,,
2017-06-13,,,,,,
2017-06-14,,,,,,
2017-06-15,,,,,,
2017-06-16,,,,,,
2017-06-19,,,,,,
2017-06-20,,,,,,
2017-06-21,,,,,,
2017-06-22,,,,,,
2017-06-23,,,,,,
2017-06-26,,,,,,
2017-06-27,,,,,,
2017-06-28,,,,,,
2017-06-29,,,,,,
2017-06-30,,,,,,
2017-07-03,,,,,,
2017-07-05,,,,,,
2017-07-06,,,,,,
2017-07-07,,,,,,
2017-07-10,,,,,,
2017-07-11,,,,,,
2017-07-12,,,,,,
2017-07-13,,,,,,
2017-07-14,,,,,,
2017-07-17,,,,,,
2017-07-18,,,,,,
2017-07-19,,,,,,
2017-07-20,,,,,,
2017-07-21,,,,,,
2017-07-24,,,,,,
2017-07-25,,,,,,
2017-07-26,,,,,,
2017-07-27,,,,,,
2017-07-28,,,,,,
2017-07-31,,,,,,
2017-08-01,,,,,,
2017-08-02,,,,,,
2017-08-03,,,,,,
2017-08-04,,,,,,
2017-08-07,,,,,,
2017-08-08,,,,,,
2017-08-09,,,,,,
2017-08-10,,,,,,
2017-08-11,,,,,,
2017-08-14,,,,,,
2017-08-15,,,,,,
2017-08-16,,,,,,
2017-08-17,,,,,,
2017-08-18,,,,,,
2017-08-21,,,,,,
2017-08-22,,,,,,
2017-08-23,,,,,,
2017-08-24,,,,,,
2017-08-25,,,,,,
2017-08-28,,,,,,
2017-08-29,,,,,,
2017-08-30,,,,,,
2017-08-31,,,,,,
2017-09-01,,,,,,
2017-09-05,,,,,,
2017-09-06,,,,,,
2017-09-07,,,,,,
2017-09-08,,,,,,
2017-09-11,,,,,,
2017-09-12,,,,,,
2017-09-13,,,,,,
2017-09-14,,,,,,
2017-09-15,,,,,,
2017-09-18,,,,,,
2017-09-19,,,,,,
2017-09-20,,,,,,
2017-09-21,,,,,,
2017-09-22,,,,,,
2017-09-25,,,,,,
2017-09-26,,,,,,
2017-09-27,,,,,,
2017-09-28,,,,,,
2017-09-29,,,,,,
2017-10-02,,,,,,
2017-10-03,,,,,,
2017-10-04,,,,,,
2017-10-05,,,,,,
2017-10-06,,,,,,
2017-10-09,,,,,,
2017-10-10,,,,,,
2017-10-11,,,,,,
2017-10-12,,,,,,
2017-10-13,,,,,,
2017-10-16,,,,,,
2017-10-17,,,,,,
2017-10-18,,,,,,
2017-10-19,,,,,,
2017-10-20,,,,,,
2017-10-23,,,,,,
2017-10-24,,,,,,
2017-10-25,,,,,,
2017-10-26,,,,,,
2017-10-27,,,,,,
2017-10-30,,,,,,
2017-10-31,,,,,,
2017-11-01,,,,,,
2017-11-02,,,,,,
2017-11-03,,,,,,
2017-11-06,,,,,,
2017-11-07,,,,,,
2017-11-08,,,,,,
2017-11-09,,,,,,
2017-11-10,,,,,,
2017-11-13,,,,,,
2017-11-14,,,,,,
2017-11-15,,,,,,
2017-11-16,,,,,,
2017-11-17,,,,,,
2017-11-20,,,,,,
2017-11-21,,,,,,
2017-11-22,,,,,,
2017-11-24,,,,,,
2017-11-27,,,,,,
2017-11-28,,,,,,
2017-11-29,,,,,,
2017-11-30,,,,,,
2017-12-01,,,,,,
2017-12-04,,,,,,
2017-12-05,,,,,,
2017-12-06,,,,,,
2017-12-07,,,,,,
2017-12-08,,,,,,
2017-12-11,,,,,,
2017-12-12,,,,,,
2017-12-13,,,,,,
2017-12-14,,,,,,
2017-12-15,,,,,,
2017-12-18,,,,,,
2017-12-19,,,,,,
2017-12-20,,,,,,
2017-12-21,,,,,,
2017-12-22,,,,,,
2017-12-26,,,,,,
2017-12-27,,,,,,
2017-12-28,,,,,,
2017-12-29,,,,,,
2018-01-01,,,,,,
2018-01-02,15.71,15.71,15.71,15.71,15.71,200.0
2018-01-03,17.59,17.59,17.65,17.23,17.23,2300.0
2018-01-04,18.11,18.11,18.11,17.75,17.75,2600.0
2018-01-05,17.21,17.21,17.21,16.76,17.06,1600.0
2018-01-08,17.06,17.06,17.32,17.06,17.32,600.0
2018-01-09,17.39,17.39,17.39,17.26,17.26,600.0
2018-01-10,17.03,17.03,17.21,16.93,17.21,400.0
2018-01-11,17.11,17.11,17.11,16.99,16.99,300.0
2018-01-12,16.65,16.65,16.65,16.6,16.6,800.0
2018-01-16,16.36,16.36,16.36,16.36,16.36,200.0
2018-01-17,16.01,16.01,16.31,15.95,15.95,1600.0
2018-01-18,15.71,15.71,15.96,15.71,15.95,3700.0
2018-01-19,15.47,15.47,15.47,14.52,15.27,2800.0
2018-01-22,15.11,15.11,15.11,14.75,14.75,2400.0
2018-01-23,15.3,15.3,15.3,15.3,15.3,200.0
2018-01-24,15.41,15.41,15.41,15.37,15.37,800.0
2018-01-25,16.0,16.0,16.18,15.46,15.46,11500.0
2018-01-26,16.08,16.08,16.08,16.08,16.08,700.0
2018-01-29,15.56,15.56,15.56,15.56,15.56,200.0
2018-01-30,15.56,15.56,15.56,15.56,15.56,0.0
2018-01-31,14.6,14.6,14.92,14.5,14.75,7700.0
2018-02-01,14.48,14.48,14.48,14.4,14.4,400.0
2018-02-02,14.91,14.91,14.91,14.91,14.91,300.0
2018-02-05,14.0,14.0,14.35,14.0,14.35,1000.0
2018-02-06,12.86,12.86,12.9,12.72,12.81,2600.0
2018-02-07,12.86,12.86,12.86,12.86,12.86,0.0
2018-02-08,13.8,13.8,14.1,13.8,14.1,3600.0
2018-02-09,13.33,13.33,13.33,13.21,13.21,200.0
2018-02-12,13.33,13.33,13.33,13.33,13.33,0.0
2018-02-13,13.61,13.61,13.61,12.58,13.5,2300.0
2018-02-14,13.61,13.61,13.61,13.61,13.61,0.0
2018-02-15,13.61,13.61,13.61,13.61,13.61,0.0
2018-02-16,13.9,13.9,13.93,13.9,13.93,400.0
2018-02-20,13.9,13.9,13.9,13.9,13.9,0.0
2018-02-21,13.9,13.9,13.9,13.9,13.9,0.0
2018-02-22,13.9,13.9,13.9,13.9,13.9,0.0
2018-02-23,13.66,13.66,13.66,13.22,13.56,700.0
2018-02-26,13.66,13.66,13.66,13.66,13.66,0.0
2018-02-27,13.64,13.64,13.64,13.59,13.59,300.0
2018-02-28,13.22,13.22,13.22,13.22,13.22,600.0
2018-03-01,12.88,12.88,13.22,12.88,13.22,800.0
2018-03-02,12.88,12.88,12.88,12.88,12.88,0.0
2018-03-05,13.13,13.13,13.13,13.13,13.13,200.0
2018-03-06,12.76,12.76,12.76,12.75,12.75,500.0
2018-03-07,13.33,13.33,13.33,13.33,13.33,300.0
2018-03-08,12.97,12.97,13.0,12.97,13.0,200.0
2018-03-09,12.97,12.97,12.97,12.97,12.97,0.0
2018-03-12,12.97,12.97,12.97,12.97,12.97,0.0
2018-03-13,12.97,12.97,12.97,12.97,12.97,0.0
2018-03-14,12.97,12.97,12.97,12.97,12.97,0.0
2018-03-15,12.97,12.97,12.97,12.97,12.97,0.0
2018-03-16,12.97,12.97,12.97,12.97,12.97,0.0
2018-03-19,11.91,11.91,11.94,11.74,11.74,5100.0
2018-03-20,11.79,11.79,11.79,11.79,11.79,1000.0
2018-03-21,11.79,11.79,11.79,11.79,11.79,0.0
2018-03-22,11.79,11.79,11.92,11.72,11.92,600.0
2018-03-23,11.79,11.79,11.99,11.79,11.99,200.0
2018-03-26,11.85,11.85,11.85,11.85,11.85,500.0
2018-03-27,12.15,12.15,12.15,12.15,12.15,400.0
2018-03-28,12.08,12.08,12.08,12.08,12.08,200.0
2018-03-29,11.4,11.4,11.69,11.4,11.64,1400.0
2018-04-02,11.4,11.4,11.4,11.4,11.4,0.0
2018-04-03,11.4,11.4,11.4,11.4,11.4,0.0
2018-04-04,11.4,11.4,11.4,11.4,11.4,0.0
2018-04-05,11.4,11.4,11.4,11.4,11.4,0.0
2018-04-06,11.4,11.4,11.4,11.4,11.4,0.0
2018-04-09,11.42,11.42,11.42,11.42,11.42,100.0
2018-04-10,11.62,11.62,11.62,11.62,11.62,100.0
2018-04-11,11.5,11.5,11.62,11.5,11.62,300.0
2018-04-12,12.15,12.15,12.15,11.9,11.9,700.0
2018-04-13,11.68,11.68,11.68,11.48,11.48,400.0
2018-04-16,11.68,11.68,11.68,11.68,11.68,0.0
2018-04-17,11.25,11.25,11.25,11.25,11.25,300.0
2018-04-18,11.66,11.66,11.66,11.66,11.66,200.0
2018-04-19,11.66,11.66,11.66,11.66,11.66,0.0
2018-04-20,11.28,11.28,11.28,11.28,11.28,300.0
2018-04-23,11.07,11.07,11.07,10.87,10.87,400.0
2018-04-24,11.6,11.6,11.61,11.6,11.61,3500.0
2018-04-25,11.6,11.6,11.6,11.6,11.6,0.0
2018-04-26,11.6,11.6,11.6,11.6,11.6,200.0
2018-04-27,11.6,11.6,11.6,11.6,11.6,0.0
2018-04-30,11.36,11.36,11.36,11.36,11.36,300.0
2018-05-01,11.36,11.36,11.36,11.36,11.36,0.0
2018-05-02,12.03,12.03,12.03,11.83,11.83,7200.0
2018-05-03,12.03,12.03,12.03,12.03,12.03,0.0
2018-05-04,12.03,12.03,12.03,12.03,12.03,0.0
2018-05-07,12.75,12.75,12.75,12.75,12.75,100.0
2018-05-08,13.0,13.0,13.25,13.0,13.0,400.0
2018-05-09,13.5,13.5,13.89,13.5,13.89,800.0
2018-05-10,13.9,13.9,15.29,13.9,13.9,2800.0
2018-05-11,15.25,15.25,15.25,15.0,15.0,5500.0
2018-05-14,15.14,15.14,15.15,14.75,14.78,13500.0
2018-05-15,14.7,14.7,15.0,13.56,15.0,2000.0
2018-05-16,14.39,14.39,14.65,13.72,13.72,8200.0
2018-05-17,14.7,14.7,14.83,14.0,14.0,10700.0
2018-05-18,13.95,13.95,14.7,13.6,14.7,11500.0
2018-05-21,14.5,14.5,15.41,13.65,14.2,22000.0
2018-05-22,14.65,14.65,17.0,14.48,17.0,4900.0
2018-05-23,14.0,14.0,14.37,14.0,14.25,5400.0
2018-05-24,13.65,13.65,14.0,13.5,14.0,5500.0
2018-05-25,13.52,13.52,13.8,13.51,13.51,3600.0
2018-05-29,13.62,13.62,13.9,13.53,13.9,3300.0
2018-05-30,13.78,13.78,13.88,13.5,13.56,5700.0
2018-05-31,13.5,13.5,13.82,13.5,13.52,6800.0
2018-06-01,13.75,13.75,13.88,13.4,13.4,1200.0
2018-06-04,13.8,13.8,13.8,13.8,13.8,200.0
2018-06-05,13.82,13.82,13.9,13.8,13.9,1600.0
2018-06-06,14.0,14.0,14.01,13.95,14.0,3000.0
2018-06-07,14.99,14.99,15.0,13.51,15.0,5400.0
2018-06-08,14.1,14.1,14.55,14.0,14.0,9300.0
2018-06-11,15.1,15.1,17.98,14.71,16.0,17200.0
2018-06-12,13.8,13.8,16.0,13.62,15.0,21700.0
2018-06-13,14.0,14.0,14.41,13.8,13.8,6600.0
2018-06-14,15.0,15.0,15.22,14.26,14.5,11400.0
2018-06-15,16.0,16.0,16.1,15.0,16.1,12700.0
2018-06-18,15.95,15.95,16.54,15.5,16.54,4600.0
2018-06-19,15.37,15.37,15.77,15.13,15.52,11600.0
2018-06-20,15.37,15.37,15.37,15.37,15.37,0.0
2018-06-21,14.33,14.33,15.29,14.33,14.9,2600.0
2018-06-22,14.7,14.7,15.23,14.48,15.23,5500.0
2018-06-25,14.76,14.76,14.76,14.1,14.73,2300.0
2018-06-26,14.76,14.76,14.76,14.76,14.76,0.0
2018-06-27,14.34,14.34,14.34,14.01,14.01,400.0
2018-06-28,14.46,14.46,14.86,14.46,14.86,700.0
2018-06-29,14.0,14.0,14.47,14.0,14.47,1300.0
2018-07-02,14.0,14.0,14.0,14.0,14.0,0.0
2018-07-03,14.5,14.5,14.5,14.5,14.5,400.0
2018-07-05,14.26,14.26,15.58,13.97,14.25,6800.0
2018-07-06,13.95,13.95,14.45,13.84,14.45,6500.0
2018-07-09,14.0,14.0,14.42,14.0,14.42,2500.0
2018-07-10,14.0,14.0,14.0,14.0,14.0,0.0
2018-07-11,14.5,14.5,14.5,14.5,14.5,200.0
2018-07-12,13.41,13.41,14.0,13.41,14.0,8100.0
2018-07-13,13.35,13.35,13.46,13.35,13.46,1900.0
2018-07-16,13.35,13.35,13.35,13.35,13.35,0.0
2018-07-17,13.41,13.41,13.97,13.16,13.97,8000.0
2018-07-18,13.25,13.25,13.88,13.23,13.88,5200.0
2018-07-19,14.47,14.47,14.9,14.0,14.9,1300.0
2018-07-20,13.96,13.96,14.09,13.9,14.07,2700.0
2018-07-23,14.3,14.3,14.5,13.85,13.96,3200.0
2018-07-24,13.7,13.7,14.13,13.7,13.7,2200.0
2018-07-25,13.68,13.68,14.25,13.5,14.25,3400.0
2018-07-26,14.89,14.89,14.89,13.63,13.7,2800.0
2018-07-27,14.1,14.1,14.85,14.1,14.85,2900.0
2018-07-30,14.1,14.1,14.1,14.1,14.1,0.0
2018-07-31,14.38,14.38,14.4,14.38,14.4,200.0
2018-08-01,14.36,14.36,14.48,14.36,14.48,400.0
2018-08-02,13.92,13.92,14.25,13.15,14.25,4100.0
2018-08-03,13.75,13.75,13.95,13.75,13.95,400.0
2018-08-06,13.94,13.94,13.94,13.41,13.41,700.0
2018-08-07,13.31,13.31,13.43,13.07,13.3,6000.0
2018-08-08,12.93,12.93,13.08,12.93,13.08,4400.0
2018-08-09,12.93,12.93,13.1,12.93,13.1,900.0
2018-08-10,12.57,12.57,12.57,12.57,12.57,600.0
2018-08-13,12.32,12.32,12.93,12.15,12.57,2200.0
2018-08-14,12.5,12.5,12.56,12.01,12.25,2100.0
2018-08-15,11.79,11.79,12.35,11.79,12.35,3800.0
2018-08-16,12.3,12.3,12.98,11.76,12.98,4800.0
2018-08-17,12.9,12.9,13.1,12.9,13.1,500.0
2018-08-20,13.0,13.0,13.2,12.98,13.2,7800.0
2018-08-21,12.5,12.5,12.6,12.5,12.6,1000.0
2018-08-22,12.5,12.5,12.62,12.5,12.54,1500.0
2018-08-23,12.55,12.55,12.55,12.55,12.55,100.0
2018-08-24,12.1,12.1,12.45,11.85,12.45,3400.0
2018-08-27,11.91,11.91,12.05,11.88,12.05,2900.0
2018-08-28,12.0,12.0,12.0,11.86,11.86,800.0
2018-08-29,11.85,11.85,11.86,11.85,11.86,1200.0
2018-08-30,11.69,11.69,11.8,11.69,11.8,7200.0
2018-08-31,11.43,11.43,11.5,11.43,11.5,2100.0
2018-09-04,11.12,11.12,11.43,11.05,11.43,6600.0
2018-09-05,11.17,11.17,11.17,10.55,11.0,2100.0
2018-09-06,11.32,11.32,11.6,10.56,10.7,5500.0
2018-09-07,11.35,11.35,11.41,11.35,11.41,200.0
2018-09-10,11.1,11.1,11.38,10.7,11.38,2100.0
2018-09-11,11.1,11.1,11.1,11.1,11.1,0.0
2018-09-12,10.51,10.51,10.75,10.5,10.72,3600.0
2018-09-13,10.51,10.51,10.51,10.51,10.51,300.0
2018-09-14,10.51,10.51,10.51,10.51,10.51,0.0
2018-09-17,11.02,11.02,11.02,10.45,10.52,1300.0
2018-09-18,11.25,11.25,11.25,11.25,11.25,200.0
2018-09-19,10.01,10.01,11.0,10.0,11.0,1500.0
2018-09-20,10.7,10.7,10.7,10.5,10.5,1500.0
2018-09-21,10.7,10.7,10.7,10.7,10.7,0.0
2018-09-24,10.15,10.15,10.98,10.0,10.62,10900.0
2018-09-25,10.24,10.24,10.55,10.15,10.55,1200.0
2018-09-26,10.8,10.8,10.8,10.55,10.55,1100.0
2018-09-27,10.55,10.55,10.8,10.55,10.8,1000.0
2018-09-28,10.67,10.67,10.67,10.67,10.67,200.0
2018-10-01,11.05,11.05,11.09,11.05,11.09,500.0
2018-10-02,11.05,11.05,11.05,11.05,11.05,0.0
2018-10-03,10.22,10.22,10.24,10.22,10.24,900.0
2018-10-04,10.22,10.22,10.22,10.22,10.22,0.0
2018-10-05,10.69,10.69,10.76,10.31,10.7,8800.0
2018-10-08,10.66,10.66,10.66,10.66,10.66,300.0
2018-10-09,10.65,10.65,10.65,10.65,10.65,300.0
2018-10-10,10.15,10.15,10.31,10.15,10.31,700.0
2018-10-11,10.14,10.14,10.5,10.14,10.5,1500.0
2018-10-12,10.3,10.3,11.27,9.98,10.13,7600.0
2018-10-15,10.3,10.3,10.3,10.3,10.3,0.0
2018-10-16,10.02,10.02,10.29,10.0,10.29,1200.0
2018-10-17,10.5,10.5,10.5,10.5,10.5,300.0
2018-10-18,9.96,9.96,10.5,9.96,10.5,500.0
2018-10-19,9.96,9.96,9.96,9.96,9.96,0.0
2018-10-22,10.5,10.5,10.5,10.0,10.0,900.0
2018-10-23,10.11,10.11,10.3,10.1,10.1,5000.0
2018-10-24,10.05,10.05,10.2,10.0,10.08,3900.0
2018-10-25,9.93,9.93,10.0,9.6,10.0,5100.0
2018-10-26,9.81,9.81,9.81,9.81,9.81,600.0
2018-10-29,9.6,9.6,9.84,9.6,9.84,1500.0
2018-10-30,9.55,9.55,9.6,9.4,9.6,4000.0
2018-10-31,9.73,9.73,9.73,9.36,9.36,300.0
2018-11-01,9.01,9.01,9.4,9.0,9.4,2100.0
2018-11-02,9.36,9.36,9.36,9.0,9.0,1800.0
2018-11-05,9.57,9.57,9.57,9.35,9.39,1700.0
2018-11-06,9.57,9.57,9.57,9.57,9.57,100.0
2018-11-07,9.57,9.57,9.57,9.57,9.57,100.0
2018-11-08,9.07,9.07,9.13,9.07,9.13,800.0
2018-11-09,9.01,9.01,9.07,9.01,9.07,1600.0
2018-11-12,9.01,9.01,9.01,9.01,9.01,0.0
2018-11-13,9.01,9.01,9.01,9.01,9.01,100.0
2018-11-14,9.01,9.01,9.01,9.01,9.01,0.0
2018-11-15,9.38,9.38,9.38,9.38,9.38,100.0
2018-11-16,9.75,9.75,9.75,9.46,9.46,2100.0
2018-11-19,9.68,9.68,9.97,9.5,9.97,2200.0
2018-11-20,9.62,9.62,9.62,9.62,9.62,100.0
2018-11-21,9.25,9.25,9.5,9.25,9.5,1400.0
2018-11-23,9.4,9.4,9.56,9.3,9.45,3500.0
2018-11-26,9.32,9.32,9.69,9.32,9.69,2400.0
2018-11-27,9.24,9.24,9.25,9.15,9.25,2400.0
2018-11-28,9.23,9.23,9.24,9.23,9.24,500.0
2018-11-29,9.23,9.23,9.23,9.23,9.23,0.0
2018-11-30,9.23,9.23,9.23,9.23,9.23,0.0
2018-12-03,9.22,9.22,9.22,9.18,9.18,700.0
2018-12-04,9.22,9.22,9.22,9.22,9.22,100.0
2018-12-05,,,,,,
2018-12-06,8.76,8.76,9.15,8.76,9.15,2900.0
2018-12-07,8.6,8.6,8.92,8.51,8.51,2800.0
2018-12-10,9.24,9.24,9.24,8.7,8.7,2100.0
2018-12-11,8.51,8.51,8.51,8.51,8.51,400.0
2018-12-12,8.36,8.36,8.36,8.36,8.36,200.0
2018-12-13,8.01,8.01,8.16,8.01,8.16,800.0
2018-12-14,7.8,7.8,8.01,7.7,8.01,1300.0
2018-12-17,7.75,7.75,7.75,7.75,7.75,700.0
2018-12-18,7.56,7.56,7.71,7.51,7.61,1800.0
2018-12-19,7.2,7.2,8.0,7.2,8.0,2700.0
2018-12-20,7.2,7.2,7.2,7.2,7.2,200.0
2018-12-21,6.12,6.12,6.12,5.76,5.76,800.0
2018-12-24,6.12,6.12,6.12,6.12,6.12,0.0
2018-12-26,7.08,7.08,7.69,6.35,6.35,1900.0
2018-12-27,6.91,6.91,7.45,6.91,7.45,1000.0
2018-12-28,6.55,6.55,7.2,5.81,5.86,2100.0
2018-12-31,6.13,6.13,6.7,6.0,6.7,37700.0
2019-01-02,6.13,6.13,6.13,6.13,6.13,0.0
2019-01-03,6.05,6.05,6.14,6.05,6.14,700.0
2019-01-04,6.45,6.45,6.48,6.45,6.48,1500.0
2019-01-07,7.39,7.39,8.21,7.39,7.8,1100.0
2019-01-08,7.5,7.5,7.5,7.5,7.5,200.0
2019-01-09,7.99,7.99,8.0,7.5,7.5,1800.0
2019-01-10,7.72,7.72,8.74,7.67,7.99,4400.0
2019-01-11,6.95,6.95,6.95,6.95,6.95,100.0
2019-01-14,7.43,7.43,7.72,7.31,7.31,1500.0
2019-01-15,7.42,7.42,7.48,7.42,7.48,3000.0
2019-01-16,7.6,7.6,7.99,7.55,7.55,3100.0
2019-01-17,7.55,7.55,7.68,7.55,7.6,3600.0
2019-01-18,7.35,7.35,7.62,7.35,7.45,1700.0
2019-01-22,7.55,7.55,7.6,7.5,7.5,4900.0
2019-01-23,7.35,7.35,7.6,7.35,7.6,8400.0
2019-01-24,7.32,7.32,7.51,7.32,7.38,6500.0
2019-01-25,7.5,7.5,7.6,7.0,7.32,8300.0
2019-01-28,7.5,7.5,7.5,7.5,7.5,3300.0
2019-01-29,7.1,7.1,7.2,6.15,7.15,10800.0
2019-01-30,7.41,7.41,7.59,7.35,7.59,5000.0
2019-01-31,7.41,7.41,7.54,7.41,7.54,1600.0
2019-02-01,7.3,7.3,7.5,7.25,7.4,5000.0
2019-02-04,7.17,7.17,7.5,7.07,7.31,2300.0
2019-02-05,7.49,7.49,7.49,7.3,7.3,3100.0
2019-02-06,7.49,7.49,7.49,7.49,7.49,100.0
2019-02-07,7.48,7.48,7.99,7.24,7.68,3800.0
2019-02-08,7.3,7.3,7.41,7.15,7.36,4600.0
2019-02-11,7.6,7.6,8.36,7.3,7.3,2400.0
2019-02-12,7.4,7.4,7.5,7.4,7.46,1200.0
2019-02-13,7.39,7.39,7.5,7.39,7.49,1300.0
2019-02-14,7.35,7.35,7.76,7.34,7.76,1900.0
2019-02-15,7.29,7.29,7.53,7.29,7.48,2200.0
2019-02-19,7.31,7.31,7.89,7.0,7.89,7500.0
2019-02-20,7.31,7.31,7.31,7.31,7.31,0.0
2019-02-21,7.2,7.2,7.4,7.01,7.01,7100.0
2019-02-22,7.48,7.48,7.6,7.25,7.25,5400.0
2019-02-25,7.52,7.52,7.73,7.24,7.73,12800.0
2019-02-26,7.77,7.77,8.06,7.5,7.5,14600.0
2019-02-27,7.74,7.74,7.85,7.66,7.75,6000.0
2019-02-28,7.63,7.63,7.9,7.54,7.7,9300.0
2019-03-01,7.72,7.72,8.15,7.72,7.77,4000.0
2019-03-04,7.66,7.66,7.87,7.64,7.8,7600.0
2019-03-05,7.36,7.36,8.05,7.25,7.74,12500.0
2019-03-06,7.69,7.69,7.69,7.4,7.41,3000.0
2019-03-07,7.68,7.68,8.18,7.4,8.18,10000.0
2019-03-08,7.76,7.76,7.9,7.4,7.83,24800.0
2019-03-11,8.05,8.05,8.2,7.71,7.84,6200.0
2019-03-12,7.95,7.95,8.35,7.91,8.3,5400.0
2019-03-13,7.93,7.93,8.2,7.69,8.2,3800.0
2019-03-14,7.7,7.7,8.19,7.5,7.69,15800.0
2019-03-15,8.05,8.05,8.13,7.61,8.13,5100.0
2019-03-18,7.71,7.71,7.98,7.55,7.75,8900.0
2019-03-19,7.95,7.95,7.99,7.58,7.62,4900.0
2019-03-20,8.0,8.0,8.15,7.6,7.82,13500.0
2019-03-21,7.61,7.61,7.89,7.61,7.89,3300.0
2019-03-22,7.85,7.85,7.9,7.66,7.7,1600.0
2019-03-25,7.83,7.83,7.83,7.83,7.83,300.0
2019-03-26,7.75,7.75,7.82,7.73,7.73,1300.0
2019-03-27,7.85,7.85,7.92,7.67,7.67,1400.0
2019-03-28,7.79,7.79,7.81,7.7,7.7,3400.0
2019-03-29,7.75,7.75,7.89,7.65,7.75,4400.0
2019-04-01,8.32,8.32,8.8,7.84,7.84,42900.0
2019-04-02,8.2,8.2,8.54,7.91,8.54,18400.0
2019-04-03,8.9,8.9,9.05,8.28,8.28,9300.0
2019-04-04,9.59,9.59,9.7,8.83,9.11,10100.0
2019-04-05,8.96,8.96,9.67,8.85,9.67,23600.0
2019-04-08,9.71,9.71,9.75,9.0,9.14,3400.0
2019-04-09,11.22,11.22,11.29,9.82,9.82,11600.0
2019-04-10,11.66,11.66,12.2,11.28,12.12,13100.0
2019-04-11,12.18,12.18,12.18,11.03,12.18,16400.0
2019-04-12,11.33,11.33,12.16,10.86,12.16,8000.0
2019-04-15,11.34,11.34,11.5,11.12,11.12,3400.0
2019-04-16,11.41,11.41,13.1,11.37,13.1,35900.0
2019-04-17,12.79,12.79,14.0,11.29,12.75,39200.0
2019-04-18,13.5,13.5,13.75,12.85,13.75,22700.0
2019-04-22,13.23,13.23,13.57,13.15,13.57,9200.0
2019-04-23,12.99,12.99,13.4,12.35,13.4,8700.0
2019-04-24,11.55,11.55,12.76,11.4,12.76,16500.0
2019-04-25,11.55,11.55,12.0,11.01,11.39,7500.0
2019-04-26,10.55,10.55,11.17,10.45,11.17,6800.0
2019-04-29,10.15,10.15,10.5,10.13,10.46,2500.0
2019-04-30,10.15,10.15,10.9,9.9,10.03,13800.0
2019-05-01,10.1,10.1,10.24,10.1,10.24,2300.0
2019-05-02,10.38,10.38,10.5,10.25,10.5,2500.0
2019-05-03,11.1,11.1,11.1,10.77,10.96,1900.0
2019-05-06,10.55,10.55,10.55,10.53,10.55,2200.0
2019-05-07,11.47,11.47,11.6,11.22,11.29,5700.0
2019-05-08,10.52,10.52,11.59,10.52,11.59,1800.0
2019-05-09,11.45,11.45,11.5,11.3,11.3,7300.0
2019-05-10,12.15,12.15,12.15,12.15,12.15,400.0
2019-05-13,11.9,11.9,12.73,11.64,11.8,3000.0
2019-05-14,11.36,11.36,11.75,11.25,11.75,4800.0
2019-05-15,11.35,11.35,11.5,11.35,11.37,1400.0
2019-05-16,11.15,11.15,11.44,10.9,11.44,1200.0
2019-05-17,11.34,11.34,11.34,11.11,11.11,700.0
2019-05-20,11.1,11.1,11.13,11.07,11.1,1400.0
2019-05-21,11.2,11.2,11.3,11.0,11.3,1400.0
2019-05-22,12.09,12.09,12.15,11.5,11.5,2000.0
2019-05-23,11.51,11.51,11.82,11.5,11.52,1900.0
2019-05-24,12.19,12.19,12.38,11.5,12.38,12200.0
2019-05-28,11.52,11.52,11.99,11.33,11.99,3200.0
2019-05-29,11.51,11.51,11.74,11.46,11.74,3700.0
2019-05-30,11.9,11.9,11.95,11.48,11.95,1000.0
2019-05-31,11.85,11.85,11.85,11.51,11.74,2300.0
2019-06-03,11.97,11.97,11.97,11.97,11.97,400.0
2019-06-04,11.7,11.7,11.8,11.7,11.8,3100.0
2019-06-05,11.6,11.6,11.7,11.6,11.7,1600.0
2019-06-06,11.91,11.91,11.91,11.58,11.64,5000.0
2019-06-07,11.6,11.6,11.91,11.59,11.91,1900.0
2019-06-10,11.65,11.65,11.92,11.62,11.92,1800.0
2019-06-11,11.92,11.92,11.92,11.92,11.92,500.0
2019-06-12,11.9,11.9,11.92,11.68,11.92,1400.0
2019-06-13,11.65,11.65,11.71,11.5,11.71,3700.0
2019-06-14,11.71,11.71,11.79,11.5,11.7,5700.0
2019-06-17,11.5,11.5,11.92,11.5,11.92,700.0
2019-06-18,11.5,11.5,11.61,11.5,11.53,500.0
2019-06-19,11.25,11.25,11.79,11.25,11.5,1700.0
2019-06-20,11.55,11.55,11.94,11.39,11.94,5100.0
2019-06-21,11.95,11.95,11.95,11.95,11.95,300.0
2019-06-24,11.22,11.22,11.75,11.22,11.75,1400.0
2019-06-25,11.46,11.46,11.7,11.46,11.66,2900.0
2019-06-26,11.85,11.85,11.86,11.78,11.8,2200.0
2019-06-27,11.95,11.95,11.95,11.95,11.95,500.0
2019-06-28,11.74,11.74,11.9,11.5,11.84,1800.0
2019-07-01,11.74,11.74,11.74,11.74,11.74,0.0
2019-07-02,11.74,11.74,11.74,11.74,11.74,0.0
2019-07-03,11.62,11.62,11.75,11.46,11.68,2400.0
2019-07-05,11.27,11.27,11.54,11.27,11.54,300.0
2019-07-08,11.27,11.27,11.27,10.96,11.2,2600.0
2019-07-09,10.87,10.87,10.96,10.01,10.95,4600.0
2019-07-10,10.86,10.86,10.86,10.85,10.86,500.0
2019-07-11,10.35,10.35,10.8,10.25,10.5,3500.0
2019-07-12,10.07,10.07,10.3,10.0,10.3,3100.0
2019-07-15,10.23,10.23,10.23,9.93,9.96,2000.0
2019-07-16,9.99,9.99,10.22,9.99,10.22,600.0
2019-07-17,10.5,10.5,10.63,10.5,10.63,600.0
2019-07-18,10.21,10.21,10.56,10.21,10.56,1100.0
2019-07-19,10.05,10.05,10.2,9.92,10.11,5100.0
2019-07-22,10.05,10.05,10.2,9.99,10.2,3000.0
2019-07-23,10.06,10.06,10.2,10.06,10.2,1100.0
2019-07-24,10.15,10.15,10.15,10.1,10.1,700.0
2019-07-25,9.94,9.94,9.94,9.94,9.94,300.0
2019-07-26,10.5,10.5,10.5,10.0,10.2,900.0
2019-07-29,9.93,9.93,10.4,9.93,10.4,3000.0
2019-07-30,9.93,9.93,10.4,9.93,10.4,100.0
2019-07-31,9.97,9.97,10.52,9.97,10.0,2700.0
2019-08-01,10.0,10.0,10.18,10.0,10.18,400.0
2019-08-02,9.97,9.97,9.97,9.97,9.97,200.0
2019-08-05,9.6,9.6,9.85,9.2,9.85,3800.0
2019-08-06,9.4,9.4,9.57,9.11,9.57,8600.0
2019-08-07,9.3,9.3,9.35,9.08,9.2,1800.0
2019-08-08,9.3,9.3,9.3,9.3,9.3,500.0
2019-08-09,9.7,9.7,9.7,9.32,9.39,1600.0
2019-08-12,9.56,9.56,9.56,9.56,9.56,100.0
2019-08-13,9.3,9.3,9.39,9.1,9.1,1400.0
2019-08-14,9.15,9.15,9.15,9.08,9.08,1900.0
2019-08-15,9.2,9.2,9.46,9.08,9.11,10300.0
2019-08-16,9.15,9.15,9.2,9.08,9.1,5500.0
2019-08-19,8.94,8.94,9.5,8.8,9.5,7300.0
2019-08-20,8.69,8.69,8.69,8.55,8.67,1800.0
2019-08-21,8.25,8.25,8.71,8.05,8.54,11500.0
2019-08-22,8.25,8.25,8.5,8.25,8.5,600.0
2019-08-23,9.07,9.07,9.97,8.5,8.79,11000.0
2019-08-26,8.51,8.51,9.07,8.51,9.0,12900.0
2019-08-27,8.6,8.6,8.78,8.6,8.78,1200.0
2019-08-28,8.62,8.62,8.65,8.6,8.6,1800.0
2019-08-29,8.85,8.85,9.5,8.65,8.65,3000.0
2019-08-30,8.66,8.66,8.7,8.3,8.6,5800.0
